Country Name,ISO2,ISO3,Top Level Domain,FIPS,ISO Numeric,GeoNameID,E164,Phone Code,Continent,Capital,Time Zone in Capital,Currency,Language Codes,Languages,Area KM2,Internet Hosts,Internet Users,Phones (Mobile),Phones (Landline),GDP,Comments
Afghanistan,AF,AFG,af,AF,4,1149361.0,93,93,Asia,Kabul,Asia/Kabul,Afghani,"fa-AF,ps,uz-AF,tk","Afghan Persian or Dari (official) 50%, Pashto (official) 35%, Turkic languages (primarily Uzbek and Turkmen) 11%, 30 minor languages (primarily Balochi and Pashai) 4%, much bilingualism, but Dari functions as the lingua franca",647500,223.0,1000000.0,18000000.0,13500.0,20650000000.0,1
Albania,AL,ALB,al,AL,8,783754.0,355,355,Europe,Tirana,Europe/Tirane,Lek,"sq,el","Albanian 98.8% (official - derived from Tosk dialect), Greek 0.5%, other 0.6% (including Macedonian, Roma, Vlach, Turkish, Italian, and Serbo-Croatian), unspecified 0.1% (2011 est.)",28748,15528.0,1300000.0,3500000.0,312000.0,12800000000.0,1
Algeria,DZ,DZA,dz,AG,12,2589581.0,213,213,Africa,Algiers,Africa/Algiers,Dinar,ar-DZ,"Arabic (official), French (lingua franca), Berber dialects: Kabylie Berber (Tamazight), Chaouia Berber (Tachawit), Mzab Berber, Tuareg Berber (Tamahaq)",2381740,676.0,4700000.0,37692000.0,3200000.0,215700000000.0,1
American Samoa,AS,ASM,as,AQ,16,5880801.0,1,1-684,Oceania,Pago Pago,Pacific/Pago_Pago,Dollar,"en-AS,sm,to","Samoan 90.6% (closely related to Hawaiian and other Polynesian languages), English 2.9%, Tongan 2.4%, other Pacific islander 2.1%, other 2%",199,2387.0,,,10000.0,462200000.0,1
Andorra,AD,AND,ad,AN,20,3041565.0,376,376,Europe,Andorra la Vella,Europe/Andorra,Euro,ca,"Catalan (official), French, Castilian, Portuguese",468,28383.0,67100.0,65000.0,39000.0,4800000000.0,1
Angola,AO,AGO,ao,AO,24,3351879.0,244,244,Africa,Luanda,Africa/Lagos,Kwanza,pt-AO,"Portuguese (official), Bantu and other African languages",1246700,20703.0,606700.0,9800000.0,303000.0,124000000000.0,1
Anguilla,AI,AIA,ai,AV,660,3573511.0,1,1-264,North America,The Valley,America/Port_of_Spain,Dollar,en-AI,English (official),102,269.0,3700.0,26000.0,6000.0,175400000.0,1
Antarctica,AQ,ATA,aq,AY,10,6697173.0,672,672,Antarctica,,Antarctica/Troll,,,,14000000,7764.0,,,,,1
Antigua and Barbuda,AG,ATG,ag,AC,28,3576396.0,1,1-268,North America,St. John's,America/Antigua,Dollar,en-AG,"English (official), local dialects",443,11532.0,65000.0,179800.0,35000.0,1220000000.0,1
Argentina,AR,ARG,ar,AR,32,3865483.0,54,54,South America,Buenos Aires,America/Argentina/Buenos_Aires,Peso,"es-AR,en,it,de,fr,gn","Spanish (official), Italian, English, German, French, indigenous (Mapudungun, Quechua)",2766890,11232000.0,13694000.0,58600000.0,1.0,484600000000.0,1
Armenia,AM,ARM,am,AM,51,174982.0,374,374,Asia,Yerevan,Asia/Yerevan,Dram,hy,"Armenian (official) 97.9%, Kurdish (spoken by Yezidi minority) 1%, other 1% (2011 est.)",29800,194142.0,208200.0,3223000.0,584000.0,10440000000.0,1
Aruba,AW,ABW,aw,AA,533,3577279.0,297,297,North America,Oranjestad,America/Curacao,Guilder,"nl-AW,es,en","Papiamento (a Spanish-Portuguese-Dutch-English dialect) 69.4%, Spanish 13.7%, English (widely spoken) 7.1%, Dutch (official) 6.1%, Chinese 1.5%, other 1.7%, unspecified 0.4% (2010 est.)",193,40560.0,24000.0,135000.0,43000.0,2516000000.0,1
Australia,AU,AUS,au,AS,36,2077456.0,61,61,Oceania,Canberra,Australia/Sydney,Dollar,en-AU,"English 76.8%, Mandarin 1.6%, Italian 1.4%, Arabic 1.3%, Greek 1.2%, Cantonese 1.2%, Vietnamese 1.1%, other 10.4%, unspecified 5% (2011 est.)",7686850,17081000.0,15810000.0,24400000.0,10470000.0,1488000000000.0,1
Austria,AT,AUT,at,AU,40,2782113.0,43,43,Europe,Vienna,Europe/Vienna,Euro,"de-AT,hr,hu,sl","German (official nationwide) 88.6%, Turkish 2.3%, Serbian 2.2%, Croatian (official in Burgenland) 1.6%, other (includes Slovene, official in Carinthia, and Hungarian, official in Burgenland) 5.3% (2001 census)",83858,3512000.0,6143000.0,13590000.0,3342000.0,417900000000.0,1
Azerbaijan,AZ,AZE,az,AJ,31,587116.0,994,994,Asia,Baku,Asia/Baku,Manat,"az,ru,hy","Azerbaijani (Azeri) (official) 92.5%, Russian 1.4%, Armenian 1.4%, other 4.7% (2009 est.)",86600,46856.0,2420000.0,10125000.0,1734000.0,76010000000.0,1
Bahamas,BS,BHS,bs,BF,44,3572887.0,1,1-242,North America,Nassau,America/Nassau,Dollar,en-BS,"English (official), Creole (among Haitian immigrants)",13940,20661.0,115800.0,254000.0,137000.0,8373000000.0,1
Bahrain,BH,BHR,bh,BA,48,290291.0,973,973,Asia,Manama,Asia/Bahrain,Dinar,"ar-BH,en,fa,ur","Arabic (official), English, Farsi, Urdu",665,47727.0,419500.0,2125000.0,290000.0,28360000000.0,1
Bangladesh,BD,BGD,bd,BG,50,1210997.0,880,880,Asia,Dhaka,Asia/Dhaka,Taka,"bn-BD,en","Bangla (official, also known as Bengali), English",144000,71164.0,617300.0,97180000.0,962000.0,140200000000.0,1
Barbados,BB,BRB,bb,BB,52,3374084.0,1,1-246,North America,Bridgetown,America/Barbados,Dollar,en-BB,"English (official), Bajan (English-based creole language, widely spoken in informal settings)",431,1524.0,188000.0,347000.0,144000.0,4262000000.0,1
Belarus,BY,BLR,by,BO,112,630336.0,375,375,Europe,Minsk,Europe/Minsk,Ruble,"be,ru","Belarusian (official) 23.4%, Russian (official) 70.2%, other 3.1% (includes small Polish- and Ukrainian-speaking minorities), unspecified 3.3% (2009 est.)",207600,295217.0,2643000.0,10675000.0,4407000.0,69240000000.0,1
Belgium,BE,BEL,be,BE,56,2802361.0,32,32,Europe,Brussels,Europe/Brussels,Euro,"nl-BE,fr-BE,de-BE","Dutch (official) 60%, French (official) 40%, German (official) less than 1%, legally bilingual (Dutch and French)",30510,5192000.0,8113000.0,12880000.0,4631000.0,507400000000.0,1
Belize,BZ,BLZ,bz,BH,84,3582678.0,501,501,North America,Belmopan,America/Belize,Dollar,"en-BZ,es","Spanish 46%, Creole 32.9%, Mayan dialects 8.9%, English 3.9% (official), Garifuna 3.4% (Carib), German 3.3%, other 1.4%, unknown 0.2% (2000 census)",22966,3392.0,36000.0,164200.0,25400.0,1637000000.0,1
Benin,BJ,BEN,bj,BN,204,2395170.0,229,229,Africa,Porto-Novo,Africa/Lagos,Franc,fr-BJ,"French (official), Fon and Yoruba (most common vernaculars in south), tribal languages (at least six major ones in north)",112620,491.0,200100.0,8408000.0,156700.0,8359000000.0,1
Bermuda,BM,BMU,bm,BD,60,3573345.0,1,1-441,North America,Hamilton,Atlantic/Bermuda,Dollar,"en-BM,pt","English (official), Portuguese",53,20040.0,54000.0,91000.0,69000.0,5600000000.0,1
Bhutan,BT,BTN,bt,BT,64,1252634.0,975,975,Asia,Thimphu,Asia/Thimphu,Ngultrum,dz,"Sharchhopka 28%, Dzongkha (official) 24%, Lhotshamkha 22%, other 26% (includes foreign languages) (2005 est.)",47000,14590.0,50000.0,560000.0,27000.0,2133000000.0,1
Bolivia,BO,BOL,bo,BL,68,3923057.0,591,591,South America,Sucre,America/La_Paz,Boliviano,"es-BO,qu,ay","Spanish (official) 60.7%, Quechua (official) 21.2%, Aymara (official) 14.6%, Guarani (official), foreign languages 2.4%, other 1.2%",1098580,180988.0,1103000.0,9494000.0,880600.0,30790000000.0,1
Bosnia and Herzegovina,BA,BIH,ba,BK,70,3277605.0,387,387,Europe,Sarajevo,Europe/Belgrade,Marka,"bs,hr-BA,sr-BA","Bosnian (official), Croatian (official), Serbian (official)",51129,155252.0,1422000.0,3350000.0,878000.0,18870000000.0,1
Botswana,BW,BWA,bw,BC,72,933860.0,267,267,Africa,Gaborone,Africa/Maputo,Pula,"en-BW,tn-BW","Setswana 78.2%, Kalanga 7.9%, Sekgalagadi 2.8%, English (official) 2.1%, other 8.6%, unspecified 0.4% (2001 census)",600370,1806.0,120000.0,3082000.0,160500.0,15530000000.0,1
Brazil,BR,BRA,br,BR,76,3469034.0,55,55,South America,Brasilia,America/Sao_Paulo,Real,"pt-BR,es,en,fr",Portuguese (official and most widely spoken language),8511965,26577000.0,75982000.0,248324000.0,44300000.0,2190000000000.0,1
British Indian Ocean Territory,IO,IOT,io,IO,86,1282588.0,246,246,Asia,Diego Garcia,Indian/Chagos,Dollar,en-IO,English,60,75006.0,,,,,1
British Virgin Islands,VG,VGB,vg,VI,92,3577718.0,1,1-284,North America,Road Town,America/Port_of_Spain,Dollar,en-VG,English (official),153,505.0,4000.0,48700.0,12268.0,1095000000.0,1
Brunei,BN,BRN,bn,BX,96,1820814.0,673,673,Asia,Bandar Seri Begawan,Asia/Brunei,Dollar,"ms-BN,en-BN","Malay (official), English, Chinese",5770,49457.0,314900.0,469700.0,70933.0,16560000000.0,1
Bulgaria,BG,BGR,bg,BU,100,732800.0,359,359,Europe,Sofia,Europe/Sofia,Lev,"bg,tr-BG","Bulgarian (official) 76.8%, Turkish 8.2%, Roma 3.8%, other 0.7%, unspecified 10.5% (2011 est.)",110910,976277.0,3395000.0,10780000.0,2253000.0,53700000000.0,1
Burkina Faso,BF,BFA,bf,UV,854,2361809.0,226,226,Africa,Ouagadougou,Africa/Abidjan,Franc,fr-BF,"French (official), native African languages belonging to Sudanic family spoken by 90% of the population",274200,1795.0,178100.0,9980000.0,141400.0,12130000000.0,1
Burundi,BI,BDI,bi,BY,108,433561.0,257,257,Africa,Bujumbura,Africa/Maputo,Franc,"fr-BI,rn","Kirundi 29.7% (official), Kirundi and other language 9.1%, French (official) and French and other language 0.3%, Swahili and Swahili and other language 0.2% (along Lake Tanganyika and in the Bujumbura area), English and English and other language 0.06%, more than 2 languages 3.7%, unspecified 56.9% (2008 est.)",27830,229.0,157800.0,2247000.0,17400.0,2676000000.0,1
Cambodia,KH,KHM,kh,CB,116,1831722.0,855,855,Asia,Phnom Penh,Asia/Phnom_Penh,Riels,"km,fr,en","Khmer (official) 96.3%, other 3.7% (2008 est.)",181040,13784.0,78500.0,19100000.0,584000.0,15640000000.0,1
Cameroon,CM,CMR,cm,CM,120,2233387.0,237,237,Africa,Yaounde,Africa/Lagos,Franc,"en-CM,fr-CM","24 major African language groups, English (official), French (official)",475440,10207.0,749600.0,13100000.0,737400.0,27880000000.0,1
Canada,CA,CAN,ca,CA,124,6251999.0,1,1,North America,Ottawa,America/Toronto,Dollar,"en-CA,fr-CA,iu","English (official) 58.7%, French (official) 22%, Punjabi 1.4%, Italian 1.3%, Spanish 1.3%, German 1.3%, Cantonese 1.2%, Tagalog 1.2%, Arabic 1.1%, other 10.5% (2011 est.)",9984670,8743000.0,26960000.0,26263000.0,18010000.0,1825000000000.0,1
Cape Verde,CV,CPV,cv,CV,132,3374766.0,238,238,Africa,Praia,Atlantic/Cape_Verde,Escudo,pt-CV,"Portuguese (official), Crioulo (a blend of Portuguese and West African words)",4033,38.0,150000.0,425300.0,70200.0,1955000000.0,1
Cayman Islands,KY,CYM,ky,CJ,136,3580718.0,1,1-345,North America,George Town,America/Cayman,Dollar,en-KY,"English (official) 90.9%, Spanish 4%, Filipino 3.3%, other 1.7%, unspecified 0.1% (2010 est.)",262,23472.0,23000.0,96300.0,37400.0,2250000000.0,1
Central African Republic,CF,CAF,cf,CT,140,239880.0,236,236,Africa,Bangui,Africa/Lagos,Franc,"fr-CF,sg,ln,kg","French (official), Sangho (lingua franca and national language), tribal languages",622984,20.0,22600.0,1070000.0,5600.0,2050000000.0,1
Chad,TD,TCD,td,CD,148,2434508.0,235,235,Africa,N'Djamena,Africa/Ndjamena,Franc,"fr-TD,ar-TD,sre","French (official), Arabic (official), Sara (in south), more than 120 different languages and dialects",1284000,6.0,168100.0,4200000.0,29900.0,13590000000.0,1
Chile,CL,CHL,cl,CI,152,3895114.0,56,56,South America,Santiago,America/Santiago,Peso,es-CL,"Spanish 99.5% (official), English 10.2%, indigenous 1% (includes Mapudungun, Aymara, Quechua, Rapa Nui), other 2.3%, unspecified 0.2%",756950,2152000.0,7009000.0,24130000.0,3276000.0,281700000000.0,1
China,CN,CHN,cn,CH,156,1814991.0,86,86,Asia,Beijing,Asia/Shanghai,Yuan Renminbi,"zh-CN,yue,wuu,dta,ug,za","Standard Chinese or Mandarin (official; Putonghua, based on the Beijing dialect), Yue (Cantonese), Wu (Shanghainese), Minbei (Fuzhou), Minnan (Hokkien-Taiwanese), Xiang, Gan, Hakka dialects, minority languages",9596960,20602000.0,389000000.0,1100000000.0,278860000.0,9330000000000.0,1
Christmas Island,CX,CXR,cx,KT,162,2078138.0,61,61,Asia,Flying Fish Cove,Indian/Christmas,Dollar,"en,zh,ms-CC","English (official), Chinese, Malay",135,3028.0,464.0,,,,1
Cocos Islands,CC,CCK,cc,CK,166,1547376.0,61,61,Asia,West Island,Indian/Cocos,Dollar,"ms-CC,en","Malay (Cocos dialect), English",14,,,,,,1
Colombia,CO,COL,co,CO,170,3686110.0,57,57,South America,Bogota,America/Bogota,Peso,es-CO,Spanish (official),1138910,4410000.0,22538000.0,49066000.0,6291000.0,369200000000.0,1
Comoros,KM,COM,km,CN,174,921929.0,269,269,Africa,Moroni,Indian/Comoro,Franc,"ar,fr-KM","Arabic (official), French (official), Shikomoro (a blend of Swahili and Arabic)",2170,14.0,24300.0,250000.0,24000.0,658000000.0,1
Cook Islands,CK,COK,ck,CW,184,1899402.0,682,682,Oceania,Avarua,Pacific/Rarotonga,Dollar,"en-CK,mi","English (official) 86.4%, Cook Islands Maori (Rarotongan) (official) 76.2%, other 8.3%",240,3562.0,6000.0,7800.0,7200.0,183200000.0,1
Costa Rica,CR,CRI,cr,CS,188,3624060.0,506,506,North America,San Jose,America/Costa_Rica,Colon,"es-CR,en","Spanish (official), English",51100,147258.0,1485000.0,6151000.0,1018000.0,48510000000.0,1
Croatia,HR,HRV,hr,HR,191,3202326.0,385,385,Europe,Zagreb,Europe/Belgrade,Kuna,"hr-HR,sr","Croatian (official) 95.6%, Serbian 1.2%, other 3% (including Hungarian, Czech, Slovak, and Albanian), unspecified 0.2% (2011 est.)",56542,729420.0,2234000.0,4970000.0,1640000.0,59140000000.0,1
Cuba,CU,CUB,cu,CU,192,3562981.0,53,53,North America,Havana,America/Havana,Peso,es-CU,Spanish (official),110860,3244.0,1606000.0,1682000.0,1217000.0,72300000000.0,1
Curacao,CW,CUW,cw,UC,531,7626836.0,599,599,North America,Willemstad,America/Curacao,Guilder,"nl,pap","Papiamentu (a Spanish-Portuguese-Dutch-English dialect) 81.2%, Dutch (official) 8%, Spanish 4%, English 2.9%, other 3.9% (2001 census)",444,,,,,5600000000.0,1
Cyprus,CY,CYP,cy,CY,196,146669.0,357,357,Europe,Nicosia,Asia/Nicosia,Euro,"el-CY,tr-CY,en","Greek (official) 80.9%, Turkish (official) 0.2%, English 4.1%, Romanian 2.9%, Russian 2.5%, Bulgarian 2.2%, Arabic 1.2%, Filippino 1.1%, other 4.3%, unspecified 0.6% (2011 est.)",9250,252013.0,433900.0,1110000.0,373200.0,21780000000.0,1
Czech Republic,CZ,CZE,cz,EZ,203,3077311.0,420,420,Europe,Prague,Europe/Prague,Koruna,"cs,sk","Czech 95.4%, Slovak 1.6%, other 3% (2011 census)",78866,4148000.0,6681000.0,12973000.0,2100000.0,194800000000.0,1
Democratic Republic of the Congo,CD,COD,cd,CG,180,203312.0,243,243,Africa,Kinshasa,Africa/Lagos,Franc,"fr-CD,ln,kg","French (official), Lingala (a lingua franca trade language), Kingwana (a dialect of Kiswahili or Swahili), Kikongo, Tshiluba",2345410,2515.0,290000.0,19487000.0,58200.0,18560000000.0,1
Denmark,DK,DNK,dk,DA,208,2623032.0,45,45,Europe,Copenhagen,Europe/Copenhagen,Krone,"da-DK,en,fo,de-DK","Danish, Faroese, Greenlandic (an Inuit dialect), German (small minority)",43094,4297000.0,4750000.0,6600000.0,2431000.0,324300000000.0,1
Djibouti,DJ,DJI,dj,DJ,262,223816.0,253,253,Africa,Djibouti,Africa/Djibouti,Franc,"fr-DJ,ar,so-DJ,aa","French (official), Arabic (official), Somali, Afar",23000,215.0,25900.0,209000.0,18000.0,1459000000.0,1
Dominica,DM,DMA,dm,DO,212,3575830.0,1,1-767,North America,Roseau,America/Port_of_Spain,Dollar,en-DM,"English (official), French patois",754,723.0,28000.0,109300.0,14600.0,495000000.0,1
Dominican Republic,DO,DOM,do,DR,214,3508796.0,1,"1-809, 1-829, 1-849",North America,Santo Domingo,America/Santo_Domingo,Peso,es-DO,Spanish (official),48730,404500.0,2701000.0,9038000.0,1065000.0,59270000000.0,1
East Timor,TL,TLS,tl,TT,626,1966436.0,670,670,Oceania,Dili,Asia/Dili,Dollar,"tet,pt-TL,id,en","Tetum (official), Portuguese (official), Indonesian, English",15007,252.0,2100.0,621000.0,3000.0,6129000000.0,1
Ecuador,EC,ECU,ec,EC,218,3658394.0,593,593,South America,Quito,America/Guayaquil,Dollar,es-EC,"Spanish (Castillian) 93% (official), Quechua 4.1%, other indigenous 0.7%, foreign 2.2%",283560,170538.0,3352000.0,16457000.0,2310000.0,91410000000.0,1
Egypt,EG,EGY,eg,EG,818,357994.0,20,20,Africa,Cairo,Africa/Cairo,Pound,"ar-EG,en,fr","Arabic (official), English and French widely understood by educated classes",1001450,200430.0,20136000.0,96800000.0,8557000.0,262000000000.0,1
El Salvador,SV,SLV,sv,ES,222,3585968.0,503,503,North America,San Salvador,America/El_Salvador,Dollar,es-SV,"Spanish (official), Nahua (among some Amerindians)",21040,24070.0,746000.0,8650000.0,1060000.0,24670000000.0,1
Equatorial Guinea,GQ,GNQ,gq,EK,226,2309096.0,240,240,Africa,Malabo,Africa/Lagos,Franc,"es-GQ,fr","Spanish (official) 67.6%, other (includes French (official), Fang, Bubi) 32.4% (1994 census)",28051,7.0,14400.0,501000.0,14900.0,17080000000.0,1
Eritrea,ER,ERI,er,ER,232,338010.0,291,291,Africa,Asmara,Africa/Asmara,Nakfa,"aa-ER,ar,tig,kun,ti-ER","Tigrinya (official), Arabic (official), English (official), Tigre, Kunama, Afar, other Cushitic languages",121320,701.0,200000.0,305300.0,60000.0,3438000000.0,1
Estonia,EE,EST,ee,EN,233,453733.0,372,372,Europe,Tallinn,Europe/Tallinn,Euro,"et,ru","Estonian (official) 68.5%, Russian 29.6%, Ukrainian 0.6%, other 1.2%, unspecified 0.1% (2011 est.)",45226,865494.0,971700.0,2070000.0,448200.0,24280000000.0,1
Ethiopia,ET,ETH,et,ET,231,337996.0,251,251,Africa,Addis Ababa,Africa/Addis_Ababa,Birr,"am,en-ET,om-ET,ti-ET,so-ET,sid","Oromo (official working language in the State of Oromiya) 33.8%, Amharic (official national language) 29.3%, Somali (official working language of the State of Sumale) 6.2%, Tigrigna (Tigrinya) (official working language of the State of Tigray) 5.9%, Sidamo 4%, Wolaytta 2.2%, Gurage 2%, Afar (official working language of the State of Afar) 1.7%, Hadiyya 1.7%, Gamo 1.5%, Gedeo 1.3%, Opuuo 1.2%, Kafa 1.1%, other 8.1%, English (major foreign language taught in schools), Arabic (2007 est.)",1127127,179.0,447300.0,20524000.0,797500.0,47340000000.0,1
Falkland Islands,FK,FLK,fk,FK,238,3474414.0,500,500,South America,Stanley,Atlantic/Stanley,Pound,en-FK,"English 89%, Spanish 7.7%, other 3.3% (2006 est.)",12173,110.0,2900.0,3450.0,1980.0,164500000.0,1
Faroe Islands,FO,FRO,fo,FO,234,2622320.0,298,298,Europe,Torshavn,Atlantic/Faroe,Krone,"fo,da-FO","Faroese (derived from Old Norse), Danish",1399,7575.0,37500.0,61000.0,24000.0,2320000000.0,1
Fiji,FJ,FJI,fj,FJ,242,2205218.0,679,679,Oceania,Suva,Pacific/Fiji,Dollar,"en-FJ,fj","English (official), Fijian (official), Hindustani",18270,21739.0,114200.0,858800.0,88400.0,4218000000.0,1
Finland,FI,FIN,fi,FI,246,660013.0,358,358,Europe,Helsinki,Europe/Helsinki,Euro,"fi-FI,sv-FI,smn","Finnish (official) 94.2%, Swedish (official) 5.5%, other (small Sami- and Russian-speaking minorities) 0.2% (2012 est.)",337030,4763000.0,4393000.0,9320000.0,890000.0,259600000000.0,1
France,FR,FRA,fr,FR,250,3017382.0,33,33,Europe,Paris,Europe/Paris,Euro,"fr-FR,frp,br,co,ca,eu,oc","French (official) 100%, rapidly declining regional dialects and languages (Provencal, Breton, Alsatian, Corsican, Catalan, Basque, Flemish)",547030,17266000.0,45262000.0,62280000.0,39290000.0,2739000000000.0,1
French Polynesia,PF,PYF,pf,FP,258,4030656.0,689,689,Oceania,Papeete,Pacific/Tahiti,Franc,"fr-PF,ty","French (official) 61.1%, Polynesian (official) 31.4%, Asian languages 1.2%, other 0.3%, unspecified 6% (2002 census)",4167,37949.0,120000.0,226000.0,55000.0,5650000000.0,1
Gabon,GA,GAB,ga,GB,266,2400553.0,241,241,Africa,Libreville,Africa/Lagos,Franc,fr-GA,"French (official), Fang, Myene, Nzebi, Bapounou/Eschira, Bandjabi",267667,127.0,98800.0,2930000.0,17000.0,19970000000.0,1
Gambia,GM,GMB,gm,GA,270,2413451.0,220,220,Africa,Banjul,Africa/Abidjan,Dalasi,"en-GM,mnk,wof,wo,ff","English (official), Mandinka, Wolof, Fula, other indigenous vernaculars",11300,656.0,130100.0,1526000.0,64200.0,896000000.0,1
Georgia,GE,GEO,ge,GG,268,614540.0,995,995,Asia,Tbilisi,Asia/Tbilisi,Lari,"ka,ru,hy,az","Georgian (official) 71%, Russian 9%, Armenian 7%, Azeri 6%, other 7%",69700,357864.0,1300000.0,4699000.0,1276000.0,15950000000.0,1
Germany,DE,DEU,de,GM,276,2921044.0,49,49,Europe,Berlin,Europe/Berlin,Euro,de,German (official),357021,20043000.0,65125000.0,107700000.0,50700000.0,3593000000000.0,1
Ghana,GH,GHA,gh,GH,288,2300660.0,233,233,Africa,Accra,Africa/Accra,Cedi,"en-GH,ak,ee,tw","Asante 14.8%, Ewe 12.7%, Fante 9.9%, Boron (Brong) 4.6%, Dagomba 4.3%, Dangme 4.3%, Dagarte (Dagaba) 3.7%, Akyem 3.4%, Ga 3.4%, Akuapem 2.9%, other (includes English (official)) 36.1% (2000 census)",239460,59086.0,1297000.0,25618000.0,285000.0,45550000000.0,1
Gibraltar,GI,GIB,gi,GI,292,2411586.0,350,350,Europe,Gibraltar,Europe/Gibraltar,Pound,"en-GI,es,it,pt","English (used in schools and for official purposes), Spanish, Italian, Portuguese",7,3509.0,20200.0,34750.0,23100.0,1106000000.0,1
Greece,GR,GRC,gr,GR,300,390903.0,30,30,Europe,Athens,Europe/Athens,Euro,"el-GR,en,fr","Greek (official) 99%, other (includes English and French) 1%",131940,3201000.0,4971000.0,13354000.0,5461000.0,243300000000.0,1
Greenland,GL,GRL,gl,GL,304,3425505.0,299,299,North America,Nuuk,America/Godthab,Krone,"kl,da-GL,en","Greenlandic (East Inuit) (official), Danish (official), English",2166086,15645.0,36000.0,59455.0,18900.0,2160000000.0,1
Grenada,GD,GRD,gd,GJ,308,3580239.0,1,1-473,North America,St. George's,America/Port_of_Spain,Dollar,en-GD,"English (official), French patois",344,80.0,25000.0,128000.0,28500.0,811000000.0,1
Guam,GU,GUM,gu,GQ,316,4043988.0,1,1-671,Oceania,Hagatna,Pacific/Guam,Dollar,"en-GU,ch-GU","English 43.6%, Filipino 21.2%, Chamorro 17.8%, other Pacific island languages 10%, Asian languages 6.3%, other 1.1% (2010 est.)",549,23.0,90000.0,98000.0,67000.0,4600000000.0,1
Guatemala,GT,GTM,gt,GT,320,3595528.0,502,502,North America,Guatemala City,America/Guatemala,Quetzal,es-GT,"Spanish (official) 60%, Amerindian languages 40%",108890,357552.0,2279000.0,20787000.0,1744000.0,53900000000.0,1
Guernsey,GG,GGY,gg,GK,831,3042362.0,44,44-1481,Europe,St Peter Port,Europe/London,Pound,"en,fr","English, French, Norman-French dialect spoken in country districts",78,239.0,48300.0,43800.0,45100.0,2742000000.0,1
Guinea,GN,GIN,gn,GV,324,2420477.0,224,224,Africa,Conakry,Africa/Abidjan,Franc,fr-GN,French (official),245857,15.0,95000.0,4781000.0,18000.0,6544000000.0,1
Guinea-Bissau,GW,GNB,gw,PU,624,2372248.0,245,245,Africa,Bissau,Africa/Bissau,Franc,"pt-GW,pov","Portuguese (official), Crioulo, African languages",36120,90.0,37100.0,1100000.0,5000.0,880000000.0,1
Guyana,GY,GUY,gy,GY,328,3378535.0,592,592,South America,Georgetown,America/Guyana,Dollar,en-GY,"English, Amerindian dialects, Creole, Caribbean Hindustani (a dialect of Hindi), Urdu",214970,24936.0,189600.0,547000.0,154200.0,3020000000.0,1
Haiti,HT,HTI,ht,HA,332,3723988.0,509,509,North America,Port-au-Prince,America/Port-au-Prince,Gourde,"ht,fr-HT","French (official), Creole (official)",27750,555.0,1000000.0,6095000.0,50000.0,8287000000.0,1
Honduras,HN,HND,hn,HO,340,3608932.0,504,504,North America,Tegucigalpa,America/Tegucigalpa,Lempira,es-HN,"Spanish (official), Amerindian dialects",112090,30955.0,731700.0,7370000.0,610000.0,18880000000.0,1
Hong Kong,HK,HKG,hk,HK,344,1819730.0,852,852,Asia,Hong Kong,Asia/Hong_Kong,Dollar,"zh-HK,yue,zh,en","Cantonese (official) 89.5%, English (official) 3.5%, Putonghua (Mandarin) 1.4%, other Chinese dialects 4%, other 1.6% (2011 est.)",1092,870041.0,4873000.0,16403000.0,4362000.0,272100000000.0,1
Hungary,HU,HUN,hu,HU,348,719819.0,36,36,Europe,Budapest,Europe/Budapest,Forint,hu-HU,"Hungarian (official) 99.6%, English 16%, German 11.2%, Russian 1.6%, Romanian 1.3%, French 1.2%, other 4.2%",93030,3145000.0,6176000.0,11580000.0,2960000.0,130600000000.0,1
Iceland,IS,ISL,is,IC,352,2629691.0,354,354,Europe,Reykjavik,Atlantic/Reykjavik,Krona,"is,en,de,da,sv,no","Icelandic, English, Nordic languages, German widely spoken",103000,369969.0,301600.0,346000.0,189000.0,14590000000.0,1
India,IN,IND,in,IN,356,1269750.0,91,91,Asia,New Delhi,Asia/Kolkata,Rupee,"en-IN,hi,bn,te,mr,ta,ur,gu,kn,ml,or,pa,as,bh,sat,ks,ne,sd,kok,doi,mni,sit,sa,fr,lus,inc","Hindi 41%, Bengali 8.1%, Telugu 7.2%, Marathi 7%, Tamil 5.9%, Urdu 5%, Gujarati 4.5%, Kannada 3.7%, Malayalam 3.2%, Oriya 3.2%, Punjabi 2.8%, Assamese 1.3%, Maithili 1.2%, other 5.9%",3287590,6746000.0,61338000.0,893862000.0,31080000.0,1670000000000.0,1
Indonesia,ID,IDN,id,ID,360,1643084.0,62,62,Asia,Jakarta,Asia/Jakarta,Rupiah,"id,en,nl,jv","Bahasa Indonesia (official, modified form of Malay), English, Dutch, local dialects (of which the most widely spoken is Javanese)",1919440,1344000.0,20000000.0,281960000.0,37983000.0,867500000000.0,1
Iran,IR,IRN,ir,IR,364,130758.0,98,98,Asia,Tehran,Asia/Tehran,Rial,"fa-IR,ku","Persian (official) 53%, Azeri Turkic and Turkic dialects 18%, Kurdish 10%, Gilaki and Mazandarani 7%, Luri 6%, Balochi 2%, Arabic 2%, other 2%",1648000,197804.0,8214000.0,58160000.0,28760000.0,411900000000.0,1
Iraq,IQ,IRQ,iq,IZ,368,99237.0,964,964,Asia,Baghdad,Asia/Baghdad,Dinar,"ar-IQ,ku,hy","Arabic (official), Kurdish (official), Turkmen (a Turkish dialect) and Assyrian (Neo-Aramaic) are official in areas where they constitute a majority of the population), Armenian",437072,26.0,325900.0,26760000.0,1870000.0,221800000000.0,1
Ireland,IE,IRL,ie,EI,372,2963597.0,353,353,Europe,Dublin,Europe/Dublin,Euro,"en-IE,ga-IE","English (official, the language generally used), Irish (Gaelic or Gaeilge) (official, spoken mainly in areas along the western coast)",70280,1387000.0,3042000.0,4906000.0,2007000.0,220900000000.0,1
Isle of Man,IM,IMN,im,IM,833,3042225.0,44,44-1624,Europe,"Douglas, Isle of Man",Europe/London,Pound,"en,gv","English, Manx Gaelic (about 2% of the population has some knowledge)",572,895.0,,,,4076000000.0,1
Israel,IL,ISR,il,IS,376,294640.0,972,972,Asia,Jerusalem,Asia/Jerusalem,Shekel,"he,ar-IL,en-IL,","Hebrew (official), Arabic (used officially for Arab minority), English (most commonly used foreign language)",20770,2483000.0,4525000.0,9225000.0,3594000.0,272700000000.0,1
Italy,IT,ITA,it,IT,380,3175395.0,39,39,Europe,Rome,Europe/Rome,Euro,"it-IT,de-IT,fr-IT,sc,ca,co,sl","Italian (official), German (parts of Trentino-Alto Adige region are predominantly German-speaking), French (small French-speaking minority in Valle d'Aosta region), Slovene (Slovene-speaking minority in the Trieste-Gorizia area)",301230,25662000.0,29235000.0,97225000.0,21656000.0,2068000000000.0,1
Ivory Coast,CI,CIV,ci,IV,384,2287781.0,225,225,Africa,Yamoussoukro,Africa/Abidjan,Franc,fr-CI,"French (official), 60 native dialects of which Dioula is the most widely spoken",322460,9115.0,967300.0,19827000.0,268000.0,28280000000.0,1
Jamaica,JM,JAM,jm,JM,388,3489940.0,1,1-876,North America,Kingston,America/Jamaica,Dollar,en-JM,"English, English patois",10991,3906.0,1581000.0,2665000.0,265000.0,14390000000.0,1
Japan,JP,JPN,jp,JA,392,1861060.0,81,81,Asia,Tokyo,Asia/Tokyo,Yen,ja,Japanese,377835,64453000.0,99182000.0,138363000.0,64273000.0,5007000000000.0,1
Jersey,JE,JEY,je,JE,832,3042142.0,44,44-1534,Europe,Saint Helier,Europe/London,Pound,"en,pt","English 94.5% (official), Portuguese 4.6%, other 0.9% (2001 census)",116,264.0,29500.0,108000.0,73800.0,5100000000.0,1
Jordan,JO,JOR,jo,JO,400,248816.0,962,962,Asia,Amman,Asia/Amman,Dinar,"ar-JO,en","Arabic (official), English (widely understood among upper and middle classes)",92300,69473.0,1642000.0,8984000.0,435000.0,34080000000.0,1
Kazakhstan,KZ,KAZ,kz,KZ,398,1522867.0,7,7,Asia,Astana,Asia/Almaty,Tenge,"kk,ru","Kazakh (official, Qazaq) 64.4%, Russian (official, used in everyday business, designated the ""language of interethnic communication"") 95% (2001 est.)",2717300,67464.0,5299000.0,28731000.0,4340000.0,224900000000.0,1
Kenya,KE,KEN,ke,KE,404,192950.0,254,254,Africa,Nairobi,Africa/Nairobi,Shilling,"en-KE,sw-KE","English (official), Kiswahili (official), numerous indigenous languages",582650,71018.0,3996000.0,30732000.0,251600.0,45310000000.0,1
Kiribati,KI,KIR,ki,KR,296,4030945.0,686,686,Oceania,Tarawa,Pacific/Tarawa,Dollar,"en-KI,gil","I-Kiribati, English (official)",811,327.0,7800.0,16000.0,9000.0,173000000.0,1
Kosovo,XK,XKX,,KV,0,831053.0,383,383,Europe,Pristina,Europe/Belgrade,Euro,"sq,sr","Albanian (official), Serbian (official), Bosnian, Turkish, Roma",10887,,,562000.0,106300.0,7150000000.0,1
Kuwait,KW,KWT,kw,KU,414,285570.0,965,965,Asia,Kuwait City,Asia/Kuwait,Dinar,"ar-KW,en","Arabic (official), English widely spoken",17820,2771.0,1100000.0,5526000.0,510000.0,179500000000.0,1
Kyrgyzstan,KG,KGZ,kg,KG,417,1527747.0,996,996,Asia,Bishkek,Asia/Bishkek,Som,"ky,uz,ru","Kyrgyz (official) 64.7%, Uzbek 13.6%, Russian (official) 12.5%, Dungun 1%, other 8.2% (1999 census)",198500,115573.0,2195000.0,6800000.0,489000.0,7234000000.0,1
Laos,LA,LAO,la,LA,418,1655842.0,856,856,Asia,Vientiane,Asia/Vientiane,Kip,"lo,fr,en","Lao (official), French, English, various ethnic languages",236800,1532.0,300000.0,6492000.0,112000.0,10100000000.0,1
Latvia,LV,LVA,lv,LG,428,458258.0,371,371,Europe,Riga,Europe/Riga,Euro,"lv,ru,lt","Latvian (official) 56.3%, Russian 33.8%, other 0.6% (includes Polish, Ukrainian, and Belarusian), unspecified 9.4% (2011 est.)",64589,359604.0,1504000.0,2310000.0,501000.0,30380000000.0,1
Lebanon,LB,LBN,lb,LE,422,272103.0,961,961,Asia,Beirut,Asia/Beirut,Pound,"ar-LB,fr-LB,en,hy","Arabic (official), French, English, Armenian",10400,64926.0,1000000.0,4000000.0,878000.0,43490000000.0,1
Lesotho,LS,LSO,ls,LT,426,932692.0,266,266,Africa,Maseru,Africa/Johannesburg,Loti,"en-LS,st,zu,xh","Sesotho (official) (southern Sotho), English (official), Zulu, Xhosa",30355,11030.0,76800.0,1312000.0,43100.0,2457000000.0,1
Liberia,LR,LBR,lr,LI,430,2275384.0,231,231,Africa,Monrovia,Africa/Monrovia,Dollar,en-LR,"English 20% (official), some 20 ethnic group languages few of which can be written or used in correspondence",111370,7.0,20000.0,2394000.0,3200.0,1977000000.0,1
Libya,LY,LBY,ly,LY,434,2215636.0,218,218,Africa,Tripolis,Africa/Tripoli,Dinar,"ar-LY,it,en","Arabic (official), Italian, English (all widely understood in the major cities); Berber (Nafusi, Ghadamis, Suknah, Awjilah, Tamasheq)",1759540,17926.0,353900.0,9590000.0,814000.0,70920000000.0,1
Liechtenstein,LI,LIE,li,LS,438,3042058.0,423,423,Europe,Vaduz,Europe/Zurich,Franc,de-LI,"German 94.5% (official) (Alemannic is the main dialect), Italian 1.1%, other 4.3% (2010 est.)",160,14278.0,23000.0,38000.0,20000.0,5113000000.0,1
Lithuania,LT,LTU,lt,LH,440,597427.0,370,370,Europe,Vilnius,Europe/Vilnius,Euro,"lt,ru,pl","Lithuanian (official) 82%, Russian 8%, Polish 5.6%, other 0.9%, unspecified 3.5% (2011 est.)",65200,1205000.0,1964000.0,5000000.0,667300.0,46710000000.0,1
Luxembourg,LU,LUX,lu,LU,442,2960313.0,352,352,Europe,Luxembourg,Europe/Luxembourg,Euro,"lb,de-LU,fr-LU","Luxembourgish (official administrative language and national language (spoken vernacular)), French (official administrative language), German (official administrative language)",2586,250900.0,424500.0,761300.0,266700.0,60540000000.0,1
Macau,MO,MAC,mo,MC,446,1821275.0,853,853,Asia,Macao,Asia/Macau,Pataca,"zh,zh-MO,pt","Cantonese 83.3%, Mandarin 5%, Hokkien 3.7%, English 2.3%, other Chinese dialects 2%, Tagalog 1.7%, Portuguese 0.7%, other 1.3%",254,327.0,270200.0,1613000.0,162500.0,51680000000.0,1
Macedonia,MK,MKD,mk,MK,807,718075.0,389,389,Europe,Skopje,Europe/Belgrade,Denar,"mk,sq,tr,rmm,sr","Macedonian (official) 66.5%, Albanian (official) 25.1%, Turkish 3.5%, Roma 1.9%, Serbian 1.2%, other 1.8% (2002 census)",25333,62826.0,1057000.0,2235000.0,407900.0,10650000000.0,1
Madagascar,MG,MDG,mg,MA,450,1062947.0,261,261,Africa,Antananarivo,Indian/Antananarivo,Ariary,"fr-MG,mg","French (official), Malagasy (official), English",587040,38392.0,319900.0,8564000.0,143700.0,10530000000.0,1
Malawi,MW,MWI,mw,MI,454,927384.0,265,265,Africa,Lilongwe,Africa/Maputo,Kwacha,"ny,yao,tum,swk","English (official), Chichewa (common), Chinyanja, Chiyao, Chitumbuka, Chilomwe, Chinkhonde, Chingoni, Chisena, Chitonga, Chinyakyusa, Chilambya",118480,1099.0,716400.0,4420000.0,227300.0,3683000000.0,1
Malaysia,MY,MYS,my,MY,458,1733045.0,60,60,Asia,Kuala Lumpur,Asia/Kuala_Lumpur,Ringgit,"ms-MY,en,zh,ta,te,ml,pa,th","Bahasa Malaysia (official), English, Chinese (Cantonese, Mandarin, Hokkien, Hakka, Hainan, Foochow), Tamil, Telugu, Malayalam, Panjabi, Thai",329750,422470.0,15355000.0,41325000.0,4589000.0,312400000000.0,1
Maldives,MV,MDV,mv,MV,462,1282028.0,960,960,Asia,Male,Indian/Maldives,Rufiyaa,"dv,en","Dhivehi (official, dialect of Sinhala, script derived from Arabic), English (spoken by most government officials)",300,3296.0,86400.0,560000.0,23140.0,2270000000.0,1
Mali,ML,MLI,ml,ML,466,2453866.0,223,223,Africa,Bamako,Africa/Abidjan,Franc,"fr-ML,bm","French (official), Bambara 46.3%, Peul/foulfoulbe 9.4%, Dogon 7.2%, Maraka/soninke 6.4%, Malinke 5.6%, Sonrhai/djerma 5.6%, Minianka 4.3%, Tamacheq 3.5%, Senoufo 2.6%, unspecified 0.6%, other 8.5%",1240000,437.0,249800.0,14613000.0,112000.0,11370000000.0,1
Malta,MT,MLT,mt,MT,470,2562770.0,356,356,Europe,Valletta,Europe/Malta,Euro,"mt,en-MT","Maltese (official) 90.1%, English (official) 6%, multilingual 3%, other 0.9% (2005 est.)",316,14754.0,240600.0,539500.0,229700.0,9541000000.0,1
Marshall Islands,MH,MHL,mh,RM,584,2080185.0,692,692,Oceania,Majuro,Pacific/Majuro,Dollar,"mh,en-MH","Marshallese (official) 98.2%, other languages 1.8% (1999 census)",181,3.0,2200.0,3800.0,4400.0,193000000.0,1
Mauritania,MR,MRT,mr,MR,478,2378080.0,222,222,Africa,Nouakchott,Africa/Abidjan,Ouguiya,"ar-MR,fuc,snk,fr,mey,wo","Arabic (official and national), Pulaar, Soninke, Wolof (all national languages), French, Hassaniya (a variety of Arabic)",1030700,22.0,75000.0,4024000.0,65100.0,4183000000.0,1
Mauritius,MU,MUS,mu,MP,480,934292.0,230,230,Africa,Port Louis,Indian/Mauritius,Rupee,"en-MU,bho,fr","Creole 86.5%, Bhojpuri 5.3%, French 4.1%, two languages 1.4%, other 2.6% (includes English, the official language, which is spoken by less than 1% of the population), unspecified 0.1% (2011 est.)",2040,51139.0,290000.0,1485000.0,349100.0,11900000000.0,1
Mayotte,YT,MYT,yt,MF,175,1024031.0,262,262,Africa,Mamoudzou,Indian/Mayotte,Euro,fr-YT,French,374,,,,,,1
Mexico,MX,MEX,mx,MX,484,3996063.0,52,52,North America,Mexico City,America/Mexico_City,Peso,es-MX,"Spanish only 92.7%, Spanish and indigenous languages 5.7%, indigenous only 0.8%, unspecified 0.8%",1972550,16233000.0,31020000.0,100786000.0,20220000.0,1327000000000.0,1
Micronesia,FM,FSM,fm,FM,583,2081918.0,691,691,Oceania,Palikir,Pacific/Pohnpei,Dollar,"en-FM,chk,pon,yap,kos,uli,woe,nkr,kpg","English (official and common language), Chuukese, Kosrean, Pohnpeian, Yapese, Ulithian, Woleaian, Nukuoro, Kapingamarangi",702,4668.0,17000.0,27600.0,8400.0,339000000.0,1
Moldova,MD,MDA,md,MD,498,617790.0,373,373,Europe,Chisinau,Europe/Chisinau,Leu,"ro,ru,gag,tr","Moldovan 58.8% (official; virtually the same as the Romanian language), Romanian 16.4%, Russian 16%, Ukrainian 3.8%, Gagauz 3.1% (a Turkish language), Bulgarian 1.1%, other 0.3%, unspecified 0.4%",33843,711564.0,1333000.0,4080000.0,1206000.0,7932000000.0,1
Monaco,MC,MCO,mc,MN,492,2993457.0,377,377,Europe,Monaco,Europe/Monaco,Euro,"fr-MC,en,it","French (official), English, Italian, Monegasque",2,26009.0,23000.0,33200.0,44500.0,5748000000.0,1
Mongolia,MN,MNG,mn,MG,496,2029969.0,976,976,Asia,Ulan Bator,Asia/Ulaanbaatar,Tugrik,"mn,ru","Khalkha Mongol 90% (official), Turkic, Russian (1999)",1565000,20084.0,330000.0,3375000.0,176700.0,11140000000.0,1
Montenegro,ME,MNE,me,MJ,499,3194884.0,382,382,Europe,Podgorica,Europe/Belgrade,Euro,"sr,hu,bs,sq,hr,rom","Serbian 42.9%, Montenegrin (official) 37%, Bosnian 5.3%, Albanian 5.3%, Serbo-Croat 2%, other 3.5%, unspecified 4% (2011 est.)",14026,10088.0,280000.0,1126000.0,163000.0,4518000000.0,1
Montserrat,MS,MSR,ms,MH,500,3578097.0,1,1-664,North America,Plymouth,America/Port_of_Spain,Dollar,en-MS,English,102,2431.0,1200.0,4000.0,3000.0,,1
Morocco,MA,MAR,ma,MO,504,2542007.0,212,212,Africa,Rabat,Africa/Casablanca,Dirham,"ar-MA,fr","Arabic (official), Berber languages (Tamazight (official), Tachelhit, Tarifit), French (often the language of business, government, and diplomacy)",446550,277338.0,13213000.0,39016000.0,3280000.0,104800000000.0,1
Mozambique,MZ,MOZ,mz,MZ,508,1036973.0,258,258,Africa,Maputo,Africa/Maputo,Metical,"pt-MZ,vmw","Emakhuwa 25.3%, Portuguese (official) 10.7%, Xichangana 10.3%, Cisena 7.5%, Elomwe 7%, Echuwabo 5.1%, other Mozambican languages 30.1%, other 4% (1997 census)",801590,89737.0,613600.0,8108000.0,88100.0,14670000000.0,1
Myanmar,MM,MMR,mm,BM,104,1327865.0,95,95,Asia,Nay Pyi Taw,Asia/Rangoon,Kyat,my,Burmese (official),678500,1055.0,110000.0,5440000.0,556000.0,59430000000.0,1
Namibia,,NAM,na,WA,516,3355338.0,264,264,Africa,Windhoek,Africa/Windhoek,Dollar,"en-NA,af,de,hz,naq","Oshiwambo languages 48.9%, Nama/Damara 11.3%, Afrikaans 10.4% (common language of most of the population and about 60% of the white population), Otjiherero languages 8.6%, Kavango languages 8.5%, Caprivi languages 4.8%, English (official) 3.4%, other African languages 2.3%, other 1.7%",825418,78280.0,127500.0,2435000.0,171000.0,12300000000.0,1
Nauru,NR,NRU,nr,NR,520,2110425.0,674,674,Oceania,Yaren,Pacific/Nauru,Dollar,"na,en-NR","Nauruan 93% (official, a distinct Pacific Island language), English 2% (widely understood, spoken, and used for most government and commercial purposes), other 5% (includes I-Kiribati 2% and Chinese 2%)",21,8162.0,,6800.0,1900.0,,1
Nepal,NP,NPL,np,NP,524,1282988.0,977,977,Asia,Kathmandu,Asia/Kathmandu,Rupee,"ne,en","Nepali (official) 44.6%, Maithali 11.7%, Bhojpuri 6%, Tharu 5.8%, Tamang 5.1%, Newar 3.2%, Magar 3%, Bajjika 3%, Urdu 2.6%, Avadhi 1.9%, Limbu 1.3%, Gurung 1.2%, other 10.4%, unspecified 0.2%",140800,41256.0,577800.0,18138000.0,834000.0,19340000000.0,1
Netherlands,NL,NLD,nl,NL,528,2750405.0,31,31,Europe,Amsterdam,Europe/Amsterdam,Euro,"nl-NL,fy-NL",Dutch (official),41526,13699000.0,14872000.0,19643000.0,7086000.0,722300000000.0,1
Netherlands Antilles,AN,ANT,an,NT,530,,599,599,North America,Willemstad,America/Curacao,Guilder,"nl-AN,en,es","Dutch, English, Spanish",960,,,,,,1
New Caledonia,NC,NCL,nc,NC,540,2139685.0,687,687,Oceania,Noumea,Pacific/Noumea,Franc,fr-NC,"French (official), 33 Melanesian-Polynesian dialects",19060,34231.0,85000.0,231000.0,80000.0,9280000000.0,1
New Zealand,NZ,NZL,nz,NZ,554,2186224.0,64,64,Oceania,Wellington,Pacific/Auckland,Dollar,"en-NZ,mi","English (de facto official) 89.8%, Maori (de jure official) 3.5%, Samoan 2%, Hindi 1.6%, French 1.2%, Northern Chinese 1.2%, Yue 1%, Other or not stated 20.5%, New Zealand Sign Language (de jure official)",268680,3026000.0,3400000.0,4922000.0,1880000.0,181100000000.0,1
Nicaragua,NI,NIC,ni,NU,558,3617476.0,505,505,North America,Managua,America/Managua,Cordoba,"es-NI,en","Spanish (official) 95.3%, Miskito 2.2%, Mestizo of the Caribbean coast 2%, other 0.5%",129494,296068.0,199800.0,5346000.0,320000.0,11260000000.0,1
Niger,NE,NER,ne,NG,562,2440476.0,227,227,Africa,Niamey,Africa/Lagos,Franc,"fr-NE,ha,kr,dje","French (official), Hausa, Djerma",1267000,454.0,115900.0,5400000.0,100500.0,7304000000.0,1
Nigeria,NG,NGA,ng,NI,566,2328926.0,234,234,Africa,Abuja,Africa/Lagos,Naira,"en-NG,ha,yo,ig,ff","English (official), Hausa, Yoruba, Igbo (Ibo), Fulani, over 500 additional indigenous languages",923768,1234.0,43989000.0,112780000.0,418200.0,502000000000.0,1
Niue,NU,NIU,nu,NE,570,4036232.0,683,683,Oceania,Alofi,Pacific/Niue,Dollar,"niu,en-NU","Niuean (official) 46% (a Polynesian language closely related to Tongan and Samoan), Niuean and English 32%, English (official) 11%, Niuean and others 5%, other 6% (2011 est.)",260,79508.0,1100.0,,,10010000.0,1
North Korea,KP,PRK,kp,KN,408,1873107.0,850,850,Asia,Pyongyang,Asia/Pyongyang,Won,ko-KP,Korean,120540,8.0,,1700000.0,1180000.0,28000000000.0,1
Northern Mariana Islands,MP,MNP,mp,CQ,580,4041468.0,1,1-670,Oceania,Saipan,Pacific/Saipan,Dollar,"fil,tl,zh,ch-MP,en-MP","Philippine languages 32.8%, Chamorro (official) 24.1%, English (official) 17%, other Pacific island languages 10.1%, Chinese 6.8%, other Asian languages 7.3%, other 1.9% (2010 est.)",477,17.0,,,,733000000.0,1
Norway,NO,NOR,no,NO,578,3144096.0,47,47,Europe,Oslo,Europe/Oslo,Krone,"no,nb,nn,se,fi","Bokmal Norwegian (official), Nynorsk Norwegian (official), small Sami- and Finnish-speaking minorities",324220,3588000.0,4431000.0,5732000.0,1465000.0,515800000000.0,1
Oman,OM,OMN,om,MU,512,286963.0,968,968,Asia,Muscat,Asia/Muscat,Rial,"ar-OM,en,bal,ur","Arabic (official), English, Baluchi, Urdu, Indian dialects",212460,14531.0,1465000.0,5278000.0,305000.0,81950000000.0,1
Pakistan,PK,PAK,pk,PK,586,1168579.0,92,92,Asia,Islamabad,Asia/Karachi,Rupee,"ur-PK,en-PK,pa,sd,ps,brh","Punjabi 48%, Sindhi 12%, Saraiki (a Punjabi variant) 10%, Pashto (alternate name, Pashtu) 8%, Urdu (official) 8%, Balochi 3%, Hindko 2%, Brahui 1%, English (official; lingua franca of Pakistani elite and most government ministries), Burushaski, and other 8%",803940,365813.0,20431000.0,125000000.0,5803000.0,236500000000.0,1
Palau,PW,PLW,pw,PS,585,1559582.0,680,680,Oceania,Melekeok,Pacific/Palau,Dollar,"pau,sov,en-PW,tox,ja,fil,zh","Palauan (official on most islands) 66.6%, Carolinian 0.7%, other Micronesian 0.7%, English (official) 15.5%, Filipino 10.8%, Chinese 1.8%, other Asian 2.6%, other 1.3%",458,4.0,,17150.0,7300.0,221000000.0,1
Palestine,PS,PSE,ps,WE,275,6254930.0,970,970,Asia,East Jerusalem,Asia/Hebron,Shekel,ar-PS,"Arabic, Hebrew, English",5970,,1379000.0,3041000.0,406000.0,6641000000.0,1
Panama,PA,PAN,pa,PM,591,3703430.0,507,507,North America,Panama City,America/Panama,Balboa,"es-PA,en","Spanish (official), English 14%",78200,11022.0,959800.0,6770000.0,640000.0,40620000000.0,1
Papua New Guinea,PG,PNG,pg,PP,598,2088628.0,675,675,Oceania,Port Moresby,Pacific/Port_Moresby,Kina,"en-PG,ho,meu,tpi","Tok Pisin (official), English (official), Hiri Motu (official), some 836 indigenous languages spoken (about 12% of the world's total); most languages have fewer than 1,000 speakers",462840,5006.0,125000.0,2709000.0,139000.0,16100000000.0,1
Paraguay,PY,PRY,py,PA,600,3437598.0,595,595,South America,Asuncion,America/Asuncion,Guarani,"es-PY,gn","Spanish (official), Guarani (official)",406750,280658.0,1105000.0,6790000.0,376000.0,30560000000.0,1
Peru,PE,PER,pe,PE,604,3932488.0,51,51,South America,Lima,America/Lima,Sol,"es-PE,qu,ay","Spanish (official) 84.1%, Quechua (official) 13%, Aymara (official) 1.7%, Ashaninka 0.3%, other native languages (includes a large number of minor Amazonian languages) 0.7%, other (includes foreign languages and sign language) 0.2% (2007 est.)",1285220,234102.0,9158000.0,29400000.0,3420000.0,210300000000.0,1
Philippines,PH,PHL,ph,RP,608,1694008.0,63,63,Asia,Manila,Asia/Manila,Peso,"tl,en-PH,fil","Filipino (official; based on Tagalog) and English (official); eight major dialects - Tagalog, Cebuano, Ilocano, Hiligaynon or Ilonggo, Bicol, Waray, Pampango, and Pangasinan",300000,425812.0,8278000.0,103000000.0,3939000.0,272200000000.0,1
Pitcairn,PN,PCN,pn,PC,612,4030699.0,64,64,Oceania,Adamstown,Pacific/Pitcairn,Dollar,en-PN,English,47,,,,,,1
Poland,PL,POL,pl,PL,616,798544.0,48,48,Europe,Warsaw,Europe/Warsaw,Zloty,pl,"Polish (official) 96.2%, Polish and non-Polish 2%, non-Polish 0.5%, unspecified 1.3%",312685,13265000.0,22452000.0,50840000.0,6125000.0,513900000000.0,1
Portugal,PT,PRT,pt,PO,620,2264397.0,351,351,Europe,Lisbon,Europe/Lisbon,Euro,"pt-PT,mwl","Portuguese (official), Mirandese (official, but locally used)",92391,3748000.0,5168000.0,12312000.0,4558000.0,219300000000.0,1
Puerto Rico,PR,PRI,pr,RQ,630,4566966.0,1,"1-787, 1-939",North America,San Juan,America/Puerto_Rico,Dollar,"en-PR,es-PR","Spanish, English",9104,469.0,1000000.0,3060000.0,780200.0,93520000000.0,1
Qatar,QA,QAT,qa,QA,634,289688.0,974,974,Asia,Doha,Asia/Qatar,Rial,"ar-QA,es","Arabic (official), English commonly used as a second language",11437,897.0,563800.0,2600000.0,327000.0,213100000000.0,1
Republic of the Congo,CG,COG,cg,CF,178,2260494.0,242,242,Africa,Brazzaville,Africa/Lagos,Franc,"fr-CG,kg,ln-CG","French (official), Lingala and Monokutuba (lingua franca trade languages), many local languages and dialects (of which Kikongo is the most widespread)",342000,45.0,245200.0,4283000.0,14900.0,14250000000.0,1
Reunion,RE,REU,re,RE,638,935317.0,262,262,Africa,Saint-Denis,Indian/Reunion,Euro,fr-RE,French,2517,,,,,,1
Romania,RO,ROU,ro,RO,642,798549.0,40,40,Europe,Bucharest,Europe/Bucharest,Leu,"ro,hu,rom","Romanian (official) 85.4%, Hungarian 6.3%, Romany (Gypsy) 1.2%, other 1%, unspecified 6.1% (2011 est.)",237500,2667000.0,7787000.0,22700000.0,4680000.0,188900000000.0,1
Russia,RU,RUS,ru,RS,643,2017370.0,7,7,Europe,Moscow,Europe/Moscow,Ruble,"ru,tt,xal,cau,ady,kv,ce,tyv,cv,udm,tut,mns,bua,myv,mdf,chm,ba,inh,tut,kbd,krc,ava,sah,nog","Russian (official) 96.3%, Dolgang 5.3%, German 1.5%, Chechen 1%, Tatar 3%, other 10.3%",17100000,14865000.0,40853000.0,261900000.0,42900000.0,2113000000000.0,1
Rwanda,RW,RWA,rw,RW,646,49518.0,250,250,Africa,Kigali,Africa/Maputo,Franc,"rw,en-RW,fr-RW,sw","Kinyarwanda only (official, universal Bantu vernacular) 93.2%, Kinyarwanda and other language(s) 6.2%, French (official) and other language(s) 0.1%, English (official) and other language(s) 0.1%, Swahili (or Kiswahili, used in commercial centers) 0.02%, other 0.03%, unspecified 0.3% (2002 est.)",26338,1447.0,450000.0,5690000.0,44400.0,7700000000.0,1
Saint Barthelemy,BL,BLM,gp,TB,652,3578476.0,590,590,North America,Gustavia,America/Port_of_Spain,Euro,fr,"French (primary), English",21,,,,,,1
Saint Helena,SH,SHN,sh,SH,654,3370751.0,290,290,Africa,Jamestown,Africa/Abidjan,Pound,en-SH,English,410,,,,,,1
Saint Kitts and Nevis,KN,KNA,kn,SC,659,3575174.0,1,1-869,North America,Basseterre,America/Port_of_Spain,Dollar,en-KN,English (official),261,54.0,17000.0,84000.0,20000.0,767000000.0,1
Saint Lucia,LC,LCA,lc,ST,662,3576468.0,1,1-758,North America,Castries,America/Port_of_Spain,Dollar,en-LC,"English (official), French patois",616,100.0,142900.0,227000.0,36800.0,1377000000.0,1
Saint Martin,MF,MAF,gp,RN,663,3578421.0,1,590,North America,Marigot,America/Port_of_Spain,Euro,fr,"French (official), English, Dutch, French Patois, Spanish, Papiamento (dialect of Netherlands Antilles)",53,,,,,561500000.0,1
Saint Pierre and Miquelon,PM,SPM,pm,SB,666,3424932.0,508,508,North America,Saint-Pierre,America/Miquelon,Euro,fr-PM,French (official),242,15.0,,,4800.0,215300000.0,1
Saint Vincent and the Grenadines,VC,VCT,vc,VC,670,3577815.0,1,1-784,North America,Kingstown,America/Port_of_Spain,Dollar,"en-VC,fr","English, French patois",389,305.0,76000.0,135500.0,19400.0,742000000.0,1
Samoa,WS,WSM,ws,WS,882,4034894.0,685,685,Oceania,Apia,Pacific/Apia,Tala,"sm,en-WS","Samoan (Polynesian) (official), English",2944,18013.0,9000.0,167400.0,35300.0,705000000.0,1
San Marino,SM,SMR,sm,SM,674,3168068.0,378,378,Europe,San Marino,Europe/Rome,Euro,it-SM,Italian,61,11015.0,17000.0,36000.0,18700.0,1866000000.0,1
Sao Tome and Principe,ST,STP,st,TP,678,2410758.0,239,239,Africa,Sao Tome,Africa/Abidjan,Dobra,pt-ST,"Portuguese 98.4% (official), Forro 36.2%, Cabo Verdian 8.5%, French 6.8%, Angolar 6.6%, English 4.9%, Lunguie 1%, other (including sign language) 2.4%",1001,1678.0,26700.0,122000.0,8000.0,311000000.0,1
Saudi Arabia,SA,SAU,sa,SA,682,102358.0,966,966,Asia,Riyadh,Asia/Riyadh,Rial,ar-SA,Arabic (official),1960582,145941.0,9774000.0,53000000.0,4800000.0,718500000000.0,1
Senegal,SN,SEN,sn,SG,686,2245662.0,221,221,Africa,Dakar,Africa/Abidjan,Franc,"fr-SN,wo,fuc,mnk","French (official), Wolof, Pulaar, Jola, Mandinka",196190,237.0,1818000.0,11470000.0,338200.0,15360000000.0,1
Serbia,RS,SRB,rs,RI,688,6290252.0,381,381,Europe,Belgrade,Europe/Belgrade,Dinar,"sr,hu,bs,rom","Serbian (official) 88.1%, Hungarian 3.4%, Bosnian 1.9%, Romany 1.4%, other 3.4%, undeclared or unknown 1.8%",88361,1102000.0,4107000.0,9138000.0,2977000.0,43680000000.0,1
Seychelles,SC,SYC,sc,SE,690,241170.0,248,248,Africa,Victoria,Indian/Mahe,Rupee,"en-SC,fr-SC","Seychellois Creole (official) 89.1%, English (official) 5.1%, French (official) 0.7%, other 3.8%, unspecified 1.4% (2010 est.)",455,247.0,32000.0,138300.0,28900.0,1271000000.0,1
Sierra Leone,SL,SLE,sl,SL,694,2403846.0,232,232,Africa,Freetown,Africa/Abidjan,Leone,"en-SL,men,tem","English (official, regular use limited to literate minority), Mende (principal vernacular in the south), Temne (principal vernacular in the north), Krio (English-based Creole, spoken by the descendants of freed Jamaican slaves who were settled in the Freetown area, a lingua franca and a first language for 10% of the population but understood by 95%)",71740,282.0,14900.0,2210000.0,18000.0,4607000000.0,1
Singapore,SG,SGP,sg,SN,702,1880251.0,65,65,Asia,Singapore,Asia/Singapore,Dollar,"cmn,en-SG,ms-SG,ta-SG,zh-SG","Mandarin (official) 36.3%, English (official) 29.8%, Malay (official) 11.9%, Hokkien 8.1%, Tamil (official) 4.4%, Cantonese 4.1%, Teochew 3.2%, other Indian languages 1.2%, other Chinese dialects 1.1%, other 1.1% (2010 est.)",693,1960000.0,3235000.0,8063000.0,1990000.0,295700000000.0,1
Sint Maarten,SX,SXM,sx,NN,534,7609695.0,1,1-721,North America,Philipsburg,America/Curacao,Guilder,"nl,en","English (official) 67.5%, Spanish 12.9%, Creole 8.2%, Dutch (official) 4.2%, Papiamento (a Spanish-Portuguese-Dutch-English dialect) 2.2%, French 1.5%, other 3.5% (2001 census)",34,,,,,794700000.0,1
Slovakia,SK,SVK,sk,LO,703,3057568.0,421,421,Europe,Bratislava,Europe/Prague,Euro,"sk,hu","Slovak (official) 78.6%, Hungarian 9.4%, Roma 2.3%, Ruthenian 1%, other or unspecified 8.8% (2011 est.)",48845,1384000.0,4063000.0,6095000.0,975000.0,96960000000.0,1
Slovenia,SI,SVN,si,SI,705,3190538.0,386,386,Europe,Ljubljana,Europe/Belgrade,Euro,"sl,sh","Slovenian (official) 91.1%, Serbo-Croatian 4.5%, other or unspecified 4.4%, Italian (official, only in municipalities where Italian national communities reside), Hungarian (official, only in municipalities where Hungarian national communities reside) (2002 census)",20273,415581.0,1298000.0,2246000.0,825000.0,46820000000.0,1
Solomon Islands,SB,SLB,sb,BP,90,2103350.0,677,677,Oceania,Honiara,Pacific/Guadalcanal,Dollar,"en-SB,tpi","Melanesian pidgin (in much of the country is lingua franca), English (official but spoken by only 1%-2% of the population), 120 indigenous languages",28450,4370.0,10000.0,302100.0,8060.0,1099000000.0,1
Somalia,SO,SOM,so,SO,706,51537.0,252,252,Africa,Mogadishu,Africa/Mogadishu,Shilling,"so-SO,ar-SO,it,en-SO","Somali (official), Arabic (official, according to the Transitional Federal Charter), Italian, English",637657,186.0,106000.0,658000.0,100000.0,2372000000.0,1
South Africa,ZA,ZAF,za,SF,710,953987.0,27,27,Africa,Pretoria,Africa/Johannesburg,Rand,"zu,xh,af,nso,en-ZA,tn,st,ts,ss,ve,nr","IsiZulu (official) 22.7%, IsiXhosa (official) 16%, Afrikaans (official) 13.5%, English (official) 9.6%, Sepedi (official) 9.1%, Setswana (official) 8%, Sesotho (official) 7.6%, Xitsonga (official) 4.5%, siSwati (official) 2.5%, Tshivenda (official) 2.4%, isiNdebele (official) 2.1%, sign language 0.5%, other 1.6% (2011 est.)",1219912,4761000.0,4420000.0,68400000.0,4030000.0,353900000000.0,1
South Korea,KR,KOR,kr,KS,410,1835841.0,82,82,Asia,Seoul,Asia/Seoul,Won,"ko-KR,en","Korean, English (widely taught in junior high and high school)",98480,315697.0,39400000.0,53625000.0,30100000.0,1198000000000.0,1
South Sudan,SS,SSD,ss,OD,728,7909807.0,211,211,Africa,Juba,Africa/Khartoum,Pound,en,"English (official), Arabic (includes Juba and Sudanese variants), regional languages include Dinka, Nuer, Bari, Zande, Shilluk",644329,,,2000000.0,2200.0,11770000000.0,1
Spain,ES,ESP,es,SP,724,2510769.0,34,34,Europe,Madrid,Europe/Madrid,Euro,"es-ES,ca,gl,eu,oc","Castilian Spanish (official) 74%, Catalan 17%, Galician 7%, and Basque 2%",504782,4228000.0,28119000.0,50663000.0,19220000.0,1356000000000.0,1
Sri Lanka,LK,LKA,lk,CE,144,1227603.0,94,94,Asia,Colombo,Asia/Colombo,Rupee,"si,ta,en","Sinhala (official and national language) 74%, Tamil (national language) 18%, other 8%",65610,9552.0,1777000.0,19533000.0,2796000.0,65120000000.0,1
Sudan,SD,SDN,sd,SU,729,366755.0,249,249,Africa,Khartoum,Africa/Khartoum,Pound,"ar-SD,en,fia","Arabic (official), English (official), Nubian, Ta Bedawie, Fur",1861484,99.0,4200000.0,27659000.0,425000.0,52500000000.0,1
Suriname,SR,SUR,sr,NS,740,3382998.0,597,597,South America,Paramaribo,America/Paramaribo,Dollar,"nl-SR,en,srn,hns,jv","Dutch (official), English (widely spoken), Sranang Tongo (Surinamese, sometimes called Taki-Taki, is native language of Creoles and much of the younger population and is lingua franca among others), Caribbean Hindustani (a dialect of Hindi), Javanese",163270,188.0,163000.0,977000.0,83000.0,5009000000.0,1
Svalbard and Jan Mayen,SJ,SJM,sj,SV,744,607072.0,47,47,Europe,Longyearbyen,Europe/Oslo,Krone,"no,ru","Norwegian, Russian",62049,,,,,,1
Swaziland,SZ,SWZ,sz,WZ,748,934841.0,268,268,Africa,Mbabane,Africa/Johannesburg,Lilangeni,"en-SZ,ss-SZ","English (official, used for government business), siSwati (official)",17363,2744.0,90100.0,805000.0,48600.0,3807000000.0,1
Sweden,SE,SWE,se,SW,752,2661886.0,46,46,Europe,Stockholm,Europe/Stockholm,Krona,"sv-SE,se,sma,fi-SE","Swedish (official), small Sami- and Finnish-speaking minorities",449964,5978000.0,8398000.0,11643000.0,4321000.0,552000000000.0,1
Switzerland,CH,CHE,ch,SZ,756,2658434.0,41,41,Europe,Berne,Europe/Zurich,Franc,"de-CH,fr-CH,it-CH,rm","German (official) 64.9%, French (official) 22.6%, Italian (official) 8.3%, Serbo-Croatian 2.5%, Albanian 2.6%, Portuguese 3.4%, Spanish 2.2%, English 4.6%, Romansch (official) 0.5%, other 5.1%",41290,5301000.0,6152000.0,10460000.0,4382000.0,646200000000.0,1
Syria,SY,SYR,sy,SY,760,163843.0,963,963,Asia,Damascus,Asia/Damascus,Pound,"ar-SY,ku,hy,arc,fr,en","Arabic (official), Kurdish, Armenian, Aramaic, Circassian (widely understood); French, English (somewhat understood)",185180,416.0,4469000.0,12928000.0,4425000.0,64700000000.0,1
Taiwan,TW,TWN,tw,TW,158,1668284.0,886,886,Asia,Taipei,Asia/Taipei,Dollar,"zh-TW,zh,nan,hak","Mandarin Chinese (official), Taiwanese (Min), Hakka dialects",35980,6272000.0,16147000.0,29455000.0,15998000.0,484700000000.0,1
Tajikistan,TJ,TJK,tj,TI,762,1220409.0,992,992,Asia,Dushanbe,Asia/Dushanbe,Somoni,"tg,ru","Tajik (official), Russian widely used in government and business",143100,6258.0,700000.0,6528000.0,393000.0,8513000000.0,1
Tanzania,TZ,TZA,tz,TZ,834,149590.0,255,255,Africa,Dodoma,Africa/Dar_es_Salaam,Shilling,"sw-TZ,en,ar","Kiswahili or Swahili (official), Kiunguja (name for Swahili in Zanzibar), English (official, primary language of commerce, administration, and higher education), Arabic (widely spoken in Zanzibar), many local languages",945087,26074.0,678000.0,27220000.0,161100.0,31940000000.0,1
Thailand,TH,THA,th,TH,764,1605651.0,66,66,Asia,Bangkok,Asia/Bangkok,Baht,"th,en","Thai (official) 90.7%, Burmese 1.3%, other 8%",514000,3399000.0,17483000.0,84075000.0,6391000.0,400900000000.0,1
Togo,TG,TGO,tg,TO,768,2363686.0,228,228,Africa,Lome,Africa/Abidjan,Franc,"fr-TG,ee,hna,kbp,dag,ha","French (official, the language of commerce), Ewe and Mina (the two major African languages in the south), Kabye (sometimes spelled Kabiye) and Dagomba (the two major African languages in the north)",56785,1168.0,356300.0,3518000.0,225000.0,4299000000.0,1
Tokelau,TK,TKL,tk,TL,772,4031074.0,690,690,Oceania,,Pacific/Fakaofo,Dollar,"tkl,en-TK","Tokelauan 93.5% (a Polynesian language), English 58.9%, Samoan 45.5%, Tuvaluan 11.6%, Kiribati 2.7%, other 2.5%, none 4.1%, unspecified 0.6%",10,2069.0,800.0,,,,1
Tonga,TO,TON,to,TN,776,4032283.0,676,676,Oceania,Nuku'alofa,Pacific/Tongatapu,Pa'anga,"to,en-TO","English and Tongan 87%, Tongan (official) 10.7%, English (official) 1.2%, other 1.1%, uspecified 0.03% (2006 est.)",748,5367.0,8400.0,56000.0,30000.0,477000000.0,1
Trinidad and Tobago,TT,TTO,tt,TD,780,3573591.0,1,1-868,North America,Port of Spain,America/Port_of_Spain,Dollar,"en-TT,hns,fr,es,zh","English (official), Caribbean Hindustani (a dialect of Hindi), French, Spanish, Chinese",5128,241690.0,593000.0,1884000.0,287000.0,27130000000.0,1
Tunisia,TN,TUN,tn,TS,788,2464461.0,216,216,Africa,Tunis,Africa/Tunis,Dinar,"ar-TN,fr","Arabic (official, one of the languages of commerce), French (commerce), Berber (Tamazight)",163610,576.0,3500000.0,12840000.0,1105000.0,48380000000.0,1
Turkey,TR,TUR,tr,TU,792,298795.0,90,90,Asia,Ankara,Europe/Istanbul,Lira,"tr-TR,ku,diq,az,av","Turkish (official), Kurdish, other minority languages",780580,7093000.0,27233000.0,67680000.0,13860000.0,821800000000.0,1
Turkmenistan,TM,TKM,tm,TX,795,1218197.0,993,993,Asia,Ashgabat,Asia/Ashgabat,Manat,"tk,ru,uz","Turkmen (official) 72%, Russian 12%, Uzbek 9%, other 7%",488100,714.0,80400.0,3953000.0,575000.0,40560000000.0,1
Turks and Caicos Islands,TC,TCA,tc,TK,796,3576916.0,1,1-649,North America,Cockburn Town,America/Grand_Turk,Dollar,en-TC,English (official),430,73217.0,,,,,1
Tuvalu,TV,TUV,tv,TV,798,2110297.0,688,688,Oceania,Funafuti,Pacific/Funafuti,Dollar,"tvl,en,sm,gil","Tuvaluan (official), English (official), Samoan, Kiribati (on the island of Nui)",26,145158.0,4200.0,2800.0,1450.0,38000000.0,1
U.S. Virgin Islands,VI,VIR,vi,VQ,850,4796775.0,1,1-340,North America,Charlotte Amalie,America/Port_of_Spain,Dollar,en-VI,"English 74.7%, Spanish or Spanish Creole 16.8%, French or French Creole 6.6%, other 1.9% (2000 census)",352,4790.0,30000.0,80300.0,75800.0,,1
Uganda,UG,UGA,ug,UG,800,226074.0,256,256,Africa,Kampala,Africa/Kampala,Shilling,"en-UG,lg,sw,ar","English (official national language, taught in grade schools, used in courts of law and by most newspapers and some radio broadcasts), Ganda or Luganda (most widely used of the Niger-Congo languages, preferred for native language publications in the capital and may be taught in school), other Niger-Congo languages, Nilo-Saharan languages, Swahili, Arabic",236040,32683.0,3200000.0,16355000.0,315000.0,22600000000.0,1
Ukraine,UA,UKR,ua,UP,804,690791.0,380,380,Europe,Kiev,Europe/Kiev,Hryvnia,"uk,ru-UA,rom,pl,hu","Ukrainian (official) 67%, Russian (regional language) 24%, other (includes small Romanian-, Polish-, and Hungarian-speaking minorities) 9%",603700,2173000.0,7770000.0,59344000.0,12182000.0,175500000000.0,1
United Arab Emirates,AE,ARE,ae,AE,784,290557.0,971,971,Asia,Abu Dhabi,Asia/Dubai,Dirham,"ar-AE,fa,en,hi,ur","Arabic (official), Persian, English, Hindi, Urdu",82880,337804.0,3449000.0,13775000.0,1967000.0,390000000000.0,1
United Kingdom,GB,GBR,uk,UK,826,2635167.0,44,44,Europe,London,Europe/London,Pound,"en-GB,cy-GB,gd",English,244820,8107000.0,51444000.0,82109000.0,33010000.0,2490000000000.0,1
United States,US,USA,us,US,840,6252001.0,1,1,North America,Washington,America/New_York,Dollar,"en-US,es-US,haw,fr","English 82.1%, Spanish 10.7%, other Indo-European 3.8%, Asian and Pacific island 2.7%, other 0.7% (2000 census)",9629091,505000000.0,245000000.0,310000000.0,139000000.0,16720000000000.0,1
Uruguay,UY,URY,uy,UY,858,3439705.0,598,598,South America,Montevideo,America/Montevideo,Peso,es-UY,"Spanish (official), Portunol, Brazilero (Portuguese-Spanish mix on the Brazilian frontier)",176220,1036000.0,1405000.0,5000000.0,1010000.0,57110000000.0,1
Uzbekistan,UZ,UZB,uz,UZ,860,1512440.0,998,998,Asia,Tashkent,Asia/Tashkent,Som,"uz,ru,tg","Uzbek (official) 74.3%, Russian 14.2%, Tajik 4.4%, other 7.1%",447400,56075.0,4689000.0,20274000.0,1963000.0,55180000000.0,1
Vanuatu,VU,VUT,vu,NH,548,2134431.0,678,678,Oceania,Port Vila,Pacific/Efate,Vatu,"bi,en-VU,fr-VU","local languages (more than 100) 63.2%, Bislama (official; creole) 33.7%, English (official) 2%, French (official) 0.6%, other 0.5% (2009 est.)",12200,5655.0,17000.0,137000.0,5800.0,828000000.0,1
Vatican,VA,VAT,va,VT,336,3164670.0,39,379,Europe,Vatican City,Europe/Rome,Euro,"la,it,fr","Latin, Italian, French",0,,,,,,1
Venezuela,VE,VEN,ve,VE,862,3625428.0,58,58,South America,Caracas,America/Caracas,Bolivar,es-VE,"Spanish (official), numerous indigenous dialects",912050,1016000.0,8918000.0,30520000.0,7650000.0,367500000000.0,1
Vietnam,VN,VNM,vn,VM,704,1562822.0,84,84,Asia,Hanoi,Asia/Ho_Chi_Minh,Dong,"vi,en,fr,zh,km","Vietnamese (official), English (increasingly favored as a second language), some French, Chinese, and Khmer, mountain area languages (Mon-Khmer and Malayo-Polynesian)",329560,189553.0,23382000.0,134066000.0,10191000.0,170000000000.0,1
Wallis and Futuna,WF,WLF,wf,WF,876,4034749.0,681,681,Oceania,Mata Utu,Pacific/Wallis,Franc,"wls,fud,fr-WF","Wallisian (indigenous Polynesian language) 58.9%, Futunian 30.1%, French (official) 10.8%, other 0.2% (2003 census)",274,2760.0,1300.0,,,,1
Western Sahara,EH,ESH,eh,WI,732,2461445.0,212,212,Africa,El-Aaiun,Africa/El_Aaiun,Dirham,"ar,mey","Standard Arabic (national), Hassaniya Arabic, Moroccan Arabic",266000,,,,,,1
Yemen,YE,YEM,ye,YM,887,69543.0,967,967,Asia,Sanaa,Asia/Aden,Rial,ar-YE,Arabic (official),527970,33206.0,2349000.0,13900000.0,1100000.0,43890000000.0,1
Zambia,ZM,ZMB,zm,ZA,894,895949.0,260,260,Africa,Lusaka,Africa/Maputo,Kwacha,"en-ZM,bem,loz,lun,lue,ny,toi","Bembe 33.4%, Nyanja 14.7%, Tonga 11.4%, Lozi 5.5%, Chewa 4.5%, Nsenga 2.9%, Tumbuka 2.5%, Lunda (North Western) 1.9%, Kaonde 1.8%, Lala 1.8%, Lamba 1.8%, English (official) 1.7%, Luvale 1.5%, Mambwe 1.3%, Namwanga 1.2%, Lenje 1.1%, Bisa 1%, other 9.2%, unspecified 0.4%",752614,16571.0,816200.0,10525000.0,82500.0,22240000000.0,1
Zimbabwe,ZW,ZWE,zw,ZI,716,878675.0,263,263,Africa,Harare,Africa/Maputo,Dollar,"en-ZW,sn,nr,nd","English (official), Shona, Sindebele (the language of the Ndebele, sometimes called Ndebele), numerous but minor tribal dialects",390580,30615.0,1423000.0,12614000.0,301600.0,10480000000.0,1
