The Requiem Red,Â£22.65,../../media/cache/6b/07/6b07b77236b7c80f42bd90bf325e69f6.jpg
Tipping the Velvet,Â£53.74,../../media/cache/08/e9/08e94f3731d7d6b760dfbfbc02ca5c62.jpg
Soumission,Â£50.10,../../media/cache/ee/cf/eecfe998905e455df12064dba399c075.jpg
Sharp Objects,Â£47.82,../../media/cache/c0/59/c05972805aa7201171b8fc71a5b00292.jpg
The Requiem Red,Â£22.65,../../media/cache/6b/07/6b07b77236b7c80f42bd90bf325e69f6.jpg
The Requiem Red,Â£22.65,../../media/cache/6b/07/6b07b77236b7c80f42bd90bf325e69f6.jpg
The Dirty Little Secrets of Getting Your Dream Job,Â£33.34,../../media/cache/e1/1b/e11bea016d0ae1d7e2dd46fb3cb870b7.jpg
"The Coming Woman: A Novel Based on the Life of the Infamous Feminist, Victoria Woodhull",Â£17.93,../../media/cache/97/36/9736132a43b8e6e3989932218ef309ed.jpg
The Boys in the Boat: Nine Americans and Their Epic Quest for Gold at the 1936 Berlin Olympics,Â£22.60,../../media/cache/d1/2d/d12d26739b5369a6b5b3024e4d08f907.jpg
The Black Maria,Â£52.15,../../media/cache/d1/7a/d17a3e313e52e1be5651719e4fba1d16.jpg
"Starving Hearts (Triangular Trade Trilogy, #1)",Â£13.99,../../media/cache/a0/7e/a07ed8f1c23f7b4baf7102722680bd30.jpg
Shakespeare's Sonnets,Â£20.66,../../media/cache/4d/7a/4d7a79a8be80a529b277ed5c4d8ba482.jpg
Set Me Free,Â£17.46,../../media/cache/b8/e9/b8e91bd2fc74c3954118999238abb4b8.jpg
Scott Pilgrim's Precious Little Life (Scott Pilgrim #1),Â£52.29,../../media/cache/97/27/97275841c81e66d53bf9313cba06f23e.jpg
Rip it Up and Start Again,Â£35.02,../../media/cache/81/7f/817f5089c0e6e62738dce2931e7323d3.jpg
"Our Band Could Be Your Life: Scenes from the American Indie Underground, 1981-1991",Â£57.25,../../media/cache/ad/96/ad96e9c9f1664cbcb0e9627b007fb6f9.jpg
Olio,Â£23.88,../../media/cache/b1/0e/b10eabab1e1c811a6d47969904fd5755.jpg
Mesaerion: The Best Science Fiction Stories 1800-1849,Â£37.59,../../media/cache/e8/1f/e81f850db9b9622c65619c9f15748de7.jpg
Libertarianism for Beginners,Â£51.33,../../media/cache/91/a4/91a46253e165d144ef5938f2d456b88f.jpg
It's Only the Himalayas,Â£45.17,../../media/cache/6d/41/6d418a73cc7d4ecfd75ca11d854041db.jpg
In Her Wake,Â£12.84,../../media/cache/27/92/2792ef951651ff1eae40a410cac41e0f.jpg
How Music Works,Â£37.32,../../media/cache/1d/40/1d4087ff0a63f09fae9cd8433d21c2c4.jpg
"Foolproof Preserving: A Guide to Small Batch Jams, Jellies, Pickles, Condiments, and More: A Foolproof Guide to Making Small Batch Jams, Jellies, Pickles, Condiments, and More",Â£30.52,../../media/cache/9f/58/9f58d3ff6d58589eaf325b1a33c303a0.jpg
Chase Me (Paris Nights #2),Â£25.27,../../media/cache/6c/84/6c84fcf7a53b02b6e763de7272934842.jpg
Black Dust,Â£34.53,../../media/cache/a4/0a/a40af95beab828af1a4757ad1ee17da3.jpg
Birdsong: A Story in Pictures,Â£54.64,../../media/cache/af/2f/af2fe2419ea136f2cd567aa92082c3ae.jpg
America's Cradle of Quarterbacks: Western Pennsylvania's Football Factory from Johnny Unitas to Joe Montana,Â£22.50,../../media/cache/a3/2a/a32ab3b8c024c6c2b274a86b185e7585.jpg
Aladdin and His Wonderful Lamp,Â£53.13,../../media/cache/a8/3c/a83c460fab82f35a37c0846729485547.jpg
Worlds Elsewhere: Journeys Around Shakespeareâs Globe,Â£40.30,../../media/cache/7b/d9/7bd93db091d736d0c6ff9d578e3ba3d7.jpg
Wall and Piece,Â£44.18,../../media/cache/df/34/df346322ddfdd3b4da0e34cad17f49dc.jpg
The Four Agreements: A Practical Guide to Personal Freedom,Â£17.66,../../media/cache/2b/1b/2b1bfecae9d512cb6ee943ccf786216f.jpg
The Five Love Languages: How to Express Heartfelt Commitment to Your Mate,Â£31.05,../../media/cache/7c/10/7c10101fe1759c5a17ba57e4bef9e764.jpg
The Elephant Tree,Â£23.82,../../media/cache/4b/80/4b80a3d9148e224ed4d6cd4d33f43728.jpg
The Bear and the Piano,Â£36.89,../../media/cache/d0/87/d0876dcd1a6530a4cb54903aad7a3e28.jpg
Sophie's World,Â£15.94,../../media/cache/d7/39/d73914232130fdf90d66f02fd9798f2b.jpg
Penny Maybe,Â£33.29,../../media/cache/b1/4b/b14be641ab97a330891455a769d52fd3.jpg
Maude (1883-1993):She Grew Up with the country,Â£18.02,../../media/cache/65/bf/65bfa3acc93b0e558a1c3de1b1164742.jpg
"In a Dark, Dark Wood",Â£19.63,../../media/cache/95/84/95840dfd67c020067c99d70451147e20.jpg
Behind Closed Doors,Â£52.22,../../media/cache/a5/85/a58571db229f2e8f75ea38861eca7f39.jpg
You can't bury them all: Poems,Â£33.63,../../media/cache/b7/44/b7440aa88046b0bf8cba50d59295518e.jpg
Slow States of Collapse: Poems,Â£57.31,../../media/cache/db/ac/dbac3faca8a799824f5725d66c0fcce3.jpg
Reasons to Stay Alive,Â£26.41,../../media/cache/f5/3c/f53c7d21723c860cfbca2b539bc55b8f.jpg
Private Paris (Private #10),Â£47.61,../../media/cache/05/87/0587ab519222a61f803fa4570c325ad2.jpg
#HigherSelfie: Wake Up Your Life. Free Your Soul. Find Your Tribe.,Â£23.11,../../media/cache/71/45/71451e3bba61a8d888a4a2c6526a4bcf.jpg
Without Borders (Wanderlove #1),Â£45.07,../../media/cache/de/26/de269ee688d4dc51846567f3942600ce.jpg
When We Collided,Â£31.77,../../media/cache/17/db/17db3de71e8217d4277a9328b04f56cf.jpg
"We Love You, Charlie Freeman",Â£50.27,../../media/cache/87/a2/87a2fddd7f6b240c0351e1eb950b6716.jpg
Untitled Collection: Sabbath Poems 2014,Â£14.27,../../media/cache/65/6e/656e79dfd4f8b6bf19ffde2c75ceda81.jpg
"Unseen City: The Majesty of Pigeons, the Discreet Charm of Snails & Other Wonders of the Urban Wilderness",Â£44.18,../../media/cache/88/a4/88a4b5f7236b8a36ba972be5ebe4f252.jpg
Unicorn Tracks,Â£18.78,../../media/cache/9b/09/9b0935dc936c92900c2dc5d2114da72f.jpg
"Unbound: How Eight Technologies Made Us Human, Transformed Society, and Brought Our World to the Brink",Â£25.52,../../media/cache/27/a1/27a1ebe79d6e6759ec68ea9f427a4f71.jpg
Tsubasa: WoRLD CHRoNiCLE 2 (Tsubasa WoRLD CHRoNiCLE #2),Â£16.28,../../media/cache/8b/ab/8bab133ec9f8248a8d5f5ea5c09d0f56.jpg
Throwing Rocks at the Google Bus: How Growth Became the Enemy of Prosperity,Â£31.12,../../media/cache/f4/21/f4210912ca58ef35f8ad120fe3dfed38.jpg
This One Summer,Â£19.49,../../media/cache/ee/43/ee4364a59d66bafb1b3264419ab3ed9e.jpg
Thirst,Â£17.27,../../media/cache/8c/54/8c54a50576c204b80165a13545f73028.jpg
The Torch Is Passed: A Harding Family Story,Â£19.09,../../media/cache/c7/26/c7260547c468dbe78af92cf3927c2a1c.jpg
The Secret of Dreadwillow Carse,Â£56.13,../../media/cache/7b/fd/7bfde4a3d6793f13e9a2d8851a398847.jpg
"The Pioneer Woman Cooks: Dinnertime: Comfort Classics, Freezer Food, 16-Minute Meals, and Other Delicious Ways to Solve Supper!",Â£56.41,../../media/cache/fd/af/fdaf3c3104c559941c01e840fecd2659.jpg
The Past Never Ends,Â£56.50,../../media/cache/9d/f2/9df248dcefeaba9eeb519a59b248f72c.jpg
The Natural History of Us (The Fine Art of Pretending #2),Â£45.22,../../media/cache/da/b8/dab87c14168f3ce18530447ec6437361.jpg
The Nameless City (The Nameless City #1),Â£38.16,../../media/cache/19/de/19deee0778c2406da04a4dd0ea09188f.jpg
The Murder That Never Was (Forensic Instincts #5),Â£54.11,../../media/cache/29/e0/29e036acd8a6e3daa787ce2bc05bdbbb.jpg
The Most Perfect Thing: Inside (and Outside) a Bird's Egg,Â£42.96,../../media/cache/a3/9e/a39e7c5c9fc61c2ae0f81116aa8cbb0e.jpg
"The Mindfulness and Acceptance Workbook for Anxiety: A Guide to Breaking Free from Anxiety, Phobias, and Worry Using Acceptance and Commitment Therapy",Â£23.89,../../media/cache/c9/eb/c9eb6ecf45abf796df0044600db65e55.jpg
The Life-Changing Magic of Tidying Up: The Japanese Art of Decluttering and Organizing,Â£16.77,../../media/cache/26/65/2665876e19a6c92130f02cfda3bd3846.jpg
"The Inefficiency Assassin: Time Management Tactics for Working Smarter, Not Longer",Â£20.59,../../media/cache/a5/b8/a5b8d2d5165a06fc762e8eaf8b04f98f.jpg
The Gutsy Girl: Escapades for Your Life of Epic Adventure,Â£37.13,../../media/cache/73/cb/73cb1236d96f455d712516fffeae2304.jpg
The Electric Pencil: Drawings from Inside State Hospital No. 3,Â£56.06,../../media/cache/b1/0f/b10faf0dee8994865437ffc79682dc2f.jpg
The Death of Humanity: and the Case for Life,Â£58.11,../../media/cache/3f/f6/3ff6fe5d0c5ca7ab2ed8b5971e299caa.jpg
"The Bulletproof Diet: Lose up to a Pound a Day, Reclaim Energy and Focus, Upgrade Your Life",Â£49.05,../../media/cache/9c/c6/9cc673854af8fd155953384b3cac334e.jpg
The Art Forger,Â£40.76,../../media/cache/f5/3b/f53bc7b18914c97de7c23967293be119.jpg
The Age of Genius: The Seventeenth Century and the Birth of the Modern Mind,Â£19.73,../../media/cache/2e/65/2e654066306042f4c462ba4d048650d9.jpg
The Activist's Tao Te Ching: Ancient Advice for a Modern Revolution,Â£32.24,../../media/cache/da/0c/da0ca35421a5120b2109028e44a53f56.jpg
Spark Joy: An Illustrated Master Class on the Art of Organizing and Tidying Up,Â£41.83,../../media/cache/17/19/1719475c51206a410a90fe5f3708df4c.jpg
Soul Reader,Â£39.58,../../media/cache/cc/5e/cc5e82c2205da748c6c19fbc1876586b.jpg
Security,Â£39.25,../../media/cache/79/2b/792bdeb2cf7d8efaef0e401e5a27b4da.jpg
"Saga, Volume 6 (Saga (Collected Editions) #6)",Â£25.02,../../media/cache/4a/99/4a996ae54711cea37e370428b54f8b19.jpg
"Saga, Volume 5 (Saga (Collected Editions) #5)",Â£51.04,../../media/cache/60/3c/603c8f3dd299efe67616a53e5bfb1d03.jpg
Reskilling America: Learning to Labor in the Twenty-First Century,Â£19.83,../../media/cache/2c/d2/2cd2b814b8a8cd3a49895cbd13a8b1f4.jpg
"Rat Queens, Vol. 3: Demons (Rat Queens (Collected Editions) #11-15)",Â£50.40,../../media/cache/d5/d0/d5d015a9cf899301cce5d1a629bdd974.jpg
"Princess Jellyfish 2-in-1 Omnibus, Vol. 01 (Princess Jellyfish 2-in-1 Omnibus #1)",Â£13.61,../../media/cache/6c/8f/6c8ffe949fb650ba60eff25be1692881.jpg
Princess Between Worlds (Wide-Awake Princess #5),Â£13.34,../../media/cache/db/01/db01b38d3200a5faff4ead42791416e4.jpg
"Pop Gun War, Volume 1: Gift",Â£18.97,../../media/cache/6f/7b/6f7b3b8445b943f4ff7426360daefb88.jpg
"Political Suicide: Missteps, Peccadilloes, Bad Calls, Backroom Hijinx, Sordid Pasts, Rotten Breaks, and Just Plain Dumb Mistakes in the Annals of American Politics",Â£36.28,../../media/cache/31/e6/31e6e0a41e62858180b268c27b20a770.jpg
Patience,Â£10.16,../../media/cache/71/0c/710cdaa148f10aac35c27bb93b4f532e.jpg
"Outcast, Vol. 1: A Darkness Surrounds Him (Outcast #1)",Â£15.44,../../media/cache/0c/8a/0c8ae80b592bc1b4c555d6b29d1cfa28.jpg
orange: The Complete Collection 1 (orange: The Complete Collection #1),Â£48.41,../../media/cache/33/0b/330bf57e3f2e70548f87d39cb956f7eb.jpg
Online Marketing for Busy Authors: A Step-By-Step Guide,Â£46.35,../../media/cache/49/e1/49e1f207b2149e34390a2c6aa7cfc113.jpg
On a Midnight Clear,Â£14.07,../../media/cache/75/9d/759d9276739200e2cb8101a36449ba20.jpg
Obsidian (Lux #1),Â£14.86,../../media/cache/88/3f/883fb0f2304efca8724c629f03a4b82a.jpg
My Paris Kitchen: Recipes and Stories,Â£33.37,../../media/cache/ae/d5/aed548aefcac7803a599b05da3acb86e.jpg
Masks and Shadows,Â£56.40,../../media/cache/05/c4/05c43fe821ae19169c7baa8a54c7e869.jpg
"Mama Tried: Traditional Italian Cooking for the Screwed, Crude, Vegan, and Tattooed",Â£14.02,../../media/cache/48/19/48192cbef9101060e3787d87d7c8d7d1.jpg
"Lumberjanes, Vol. 2: Friendship to the Max (Lumberjanes #5-8)",Â£46.91,../../media/cache/67/f8/67f83a06f77d0ff3b06cb8ac04839422.jpg
"Lumberjanes, Vol. 1: Beware the Kitten Holy (Lumberjanes #1-4)",Â£45.61,../../media/cache/1c/78/1c78cb31ededc4c662857cf65bd1619d.jpg
Lumberjanes Vol. 3: A Terrible Plan (Lumberjanes #9-12),Â£19.92,../../media/cache/d6/9b/d69b7020c4210e12882ffca0428919a2.jpg
"Layered: Baking, Building, and Styling Spectacular Cakes",Â£40.11,../../media/cache/73/06/7306b860c7887dfb2a4b0083e2d6bf0d.jpg
Judo: Seven Steps to Black Belt (an Introductory Guide for Beginners),Â£53.90,../../media/cache/6d/80/6d80608ef81001ad068df06fae44b7f8.jpg
Join,Â£35.67,../../media/cache/df/64/df642e483f7ae23de6888c73f05e2014.jpg
In the Country We Love: My Family Divided,Â£22.00,../../media/cache/11/08/1108a8d9ebccd9cd474012121c32a7f5.jpg
Immunity: How Elie Metchnikoff Changed the Course of Modern Medicine,Â£57.36,../../media/cache/e1/1e/e11e7e9514a123aee2415a1def85e638.jpg
"I Hate Fairyland, Vol. 1: Madly Ever After (I Hate Fairyland (Compilations) #1-5)",Â£29.17,../../media/cache/58/e2/58e2097169e92a95d973da420ce7cc98.jpg
I am a Hero Omnibus Volume 1,Â£54.63,../../media/cache/f7/4d/f74db5141becf01083abc03c078f4922.jpg
How to Be Miserable: 40 Strategies You Already Use,Â£46.03,../../media/cache/b0/9d/b09d7cb6aa8ae112dd457e588762d293.jpg
Her Backup Boyfriend (The Sorensen Family #1),Â£33.97,../../media/cache/41/ee/41ee38c1d15f0139a3fb17b730dc4347.jpg
"Giant Days, Vol. 2 (Giant Days #5-8)",Â£22.11,../../media/cache/d0/6f/d06ff4e3b9daf93b18bb21f1af19b5eb.jpg
Forever and Forever: The Courtship of Henry Longfellow and Fanny Appleton,Â£29.69,../../media/cache/f9/9e/f99e760b894d10c6e5ed578618918367.jpg
First and First (Five Boroughs #3),Â£15.97,../../media/cache/01/a5/01a5285b17e7ec0e7e56294a8f8af28d.jpg
Fifty Shades Darker (Fifty Shades #2),Â£21.96,../../media/cache/51/86/51862681bebec59be61f36f937c71fce.jpg
Everydata: The Misinformation Hidden in the Little Data You Consume Every Day,Â£54.35,../../media/cache/15/97/15972684c6f44f1be5e751d2e067cc16.jpg
"Don't Be a Jerk: And Other Practical Advice from Dogen, Japan's Greatest Zen Master",Â£37.97,../../media/cache/a7/9c/a79cac7aec3816fb754c1aedd2e82986.jpg
Danganronpa Volume 1,Â£51.99,../../media/cache/ce/39/ce3942d9a10b6a17805136ace7c140fa.jpg
Crown of Midnight (Throne of Glass #2),Â£43.29,../../media/cache/b7/7d/b77d5e56daa3c22822abf1b8affbaef9.jpg
"Codename Baboushka, Volume 1: The Conclave of Death",Â£36.72,../../media/cache/ed/a5/eda54d1bfcdd39488013f7aae1eaf659.jpg
Camp Midnight,Â£17.08,../../media/cache/7a/67/7a671ecf69cdcd2ea9ebe85da1b5585f.jpg
Call the Nurse: True Stories of a Country Nurse on a Scottish Isle,Â£29.14,../../media/cache/c5/f2/c5f2361aab546bc7f851cf93aec94ca3.jpg
Burning,Â£28.81,../../media/cache/9a/2c/9a2c2936fa9bd422be96805924e1411a.jpg
Bossypants,Â£49.46,../../media/cache/94/34/943490007d42c0bc066efc899dafa472.jpg
"Bitch Planet, Vol. 1: Extraordinary Machine (Bitch Planet (Collected Editions))",Â£37.92,../../media/cache/9d/1d/9d1d68362670066b155936e37d61bc5b.jpg
"Avatar: The Last Airbender: Smoke and Shadow, Part 3 (Smoke and Shadow #3)",Â£28.09,../../media/cache/9f/25/9f25ffe4229a32d1368b3dfe248c3343.jpg
Algorithms to Live By: The Computer Science of Human Decisions,Â£30.81,../../media/cache/28/ea/28ea530a8b7955e422df64beaed7871a.jpg
A World of Flavor: Your Gluten Free Passport,Â£42.95,../../media/cache/0a/6a/0a6a53a8d37584a7906d2d5a0032f9c1.jpg
"A Piece of Sky, a Grain of Rice: A Memoir in Four Meditations",Â£56.76,../../media/cache/09/6d/096df83de35d408278fdc9108d930b5f.jpg
A Murder in Time,Â£16.64,../../media/cache/cc/bd/ccbd7a62caefd5a3a2e04dd7c2ff48fe.jpg
A Flight of Arrows (The Pathfinders #2),Â£55.53,../../media/cache/ec/65/ec651ed66822d4b68938afa645b1ece2.jpg
A Fierce and Subtle Poison,Â£28.13,../../media/cache/ac/b6/acb65d6d11263ba98b0191b544f6c728.jpg
A Court of Thorns and Roses (A Court of Thorns and Roses #1),Â£52.37,../../media/cache/0a/78/0a78f89fc2dc78b700b494c3510e8920.jpg
(Un)Qualified: How God Uses Broken People to Do Big Things,Â£54.00,../../media/cache/e4/f8/e4f8c1c5954e09cb6c485d9db824eeb1.jpg
You Are What You Love: The Spiritual Power of Habit,Â£21.87,../../media/cache/52/9b/529bf0d806ae2ab02bf23da4326b24c3.jpg
"William Shakespeare's Star Wars: Verily, A New Hope (William Shakespeare's Star Wars #4)",Â£43.30,../../media/cache/02/7a/027a1f131d94c38f9e785f5d85a109c7.jpg
Tuesday Nights in 1980,Â£21.04,../../media/cache/a3/ad/a3ade5edecde67449329c1ebb016c049.jpg
Tracing Numbers on a Train,Â£41.60,../../media/cache/0a/05/0a0514153dac092aac76b097b495f908.jpg
Throne of Glass (Throne of Glass #1),Â£35.07,../../media/cache/4e/8d/4e8d87d1cb5e876ddb50599a1d1b656e.jpg
Thomas Jefferson and the Tripoli Pirates: The Forgotten War That Changed American History,Â£59.64,../../media/cache/77/79/777988a85de2269905bd8c2070a3cf58.jpg
Thirteen Reasons Why,Â£52.72,../../media/cache/6d/7b/6d7b69b4edcdf5b6b075d6fa53bf74bc.jpg
The White Cat and the Monk: A Retelling of the Poem âPangur BÃ¡nâ,Â£58.08,../../media/cache/49/0e/490e049133ee9f398e6a70f25c12e308.jpg
The Wedding Dress,Â£24.12,../../media/cache/29/3b/293bd9cd6fe1f8c82d1688aefe6cc5f7.jpg
The Vacationers,Â£42.15,../../media/cache/34/c9/34c988a76c3cd7c04566d3030d8e7331.jpg
The Third Wave: An Entrepreneurâs Vision of the Future,Â£12.61,../../media/cache/0f/76/0f76b00ea914ced1822d8ac3480c485f.jpg
The Stranger,Â£17.44,../../media/cache/c8/1a/c81aea97de1daaa0081d96f8564c204c.jpg
The Shadow Hero (The Shadow Hero),Â£33.14,../../media/cache/c3/d2/c3d2356443efca9bcad78eba8d249fc1.jpg
The Secret (The Secret #1),Â£27.37,../../media/cache/d3/70/d37038f81b8ad0342346951271c31e58.jpg
The Regional Office Is Under Attack!,Â£51.36,../../media/cache/d4/73/d473f01f077b91ce04e345305a3fa217.jpg
The Psychopath Test: A Journey Through the Madness Industry,Â£36.00,../../media/cache/dd/63/dd637b4e7cb403932e6a29397d877e4e.jpg
The Project,Â£10.65,../../media/cache/4c/57/4c57c192057269132623f9c6b3f69559.jpg
The Power of Now: A Guide to Spiritual Enlightenment,Â£43.54,../../media/cache/13/2a/132a17f55f0048a2f2df748c9f5ce4e4.jpg
The Omnivore's Dilemma: A Natural History of Four Meals,Â£38.21,../../media/cache/3d/9d/3d9d46815a4be5e5e6f5e641d8268961.jpg
The Nerdy Nummies Cookbook: Sweet Treats for the Geek in All of Us,Â£37.34,../../media/cache/41/57/4157492623f9552e3efdc858a19968f3.jpg
The Murder of Roger Ackroyd (Hercule Poirot #4),Â£44.10,../../media/cache/86/38/8638ba095b3b32e0abdef170e7bc4fd6.jpg
The Mistake (Off-Campus #2),Â£43.29,../../media/cache/95/49/9549db6862283a388659611bda63b97b.jpg
The Matchmaker's Playbook (Wingmen Inc. #1),Â£55.85,../../media/cache/e9/e3/e9e3736effeb4982324dd0e4e64b2e81.jpg
The Love and Lemons Cookbook: An Apple-to-Zucchini Celebration of Impromptu Cooking,Â£37.60,../../media/cache/88/e7/88e70e44632c3ca306191007bc723806.jpg
The Long Shadow of Small Ghosts: Murder and Memory in an American City,Â£10.97,../../media/cache/2b/50/2b50fa031b2411a94bc68de0bbdd96fb.jpg
The Kite Runner,Â£41.82,../../media/cache/65/1e/651e956a041bf4b91bfba1374f0f91e7.jpg
The House by the Lake,Â£36.95,../../media/cache/46/a2/46a2c968bfccf1979cc5576085eec6dd.jpg
The Glittering Court (The Glittering Court #1),Â£44.28,../../media/cache/2f/21/2f21c9ffd0962092ce337ecd1b338f5b.jpg
